Customer_ID,Order_ID,Segment,Profit
TC-20980,CA-2016-118689,Corporate,8762.39
RB-19360,CA-2017-140151,Consumer,6734.47
HL-15040,CA-2017-166709,Consumer,5039.99
AB-10105,CA-2016-117121,Consumer,4946.37
SC-20095,CA-2014-116904,Consumer,4668.69
TA-21385,CA-2017-127180,"Home Office",4597.17
CM-12385,CA-2015-145352,Consumer,3192.07
SE-20110,CA-2016-158841,Consumer,2825.29
DR-12940,US-2016-140158,"Home Office",2640.48
AR-10540,CA-2017-138289,Consumer,2602.09
KD-16495,CA-2015-114811,Corporate,2509.09
BS-11365,US-2016-107440,Corporate,2381.16
HM-14860,US-2015-128587,Corporate,2306.74
KD-16270,US-2016-143819,Consumer,2253.43
NM-18445,CA-2014-164973,"Home Office",2242.84
TB-21400,CA-2014-145541,Consumer,2239.99
SD-20485,CA-2015-120782,"Home Office",1947.98
JW-15220,CA-2017-135909,Corporate,1938.38
FH-14365,CA-2015-111829,Corporate,1930.46
DP-13390,CA-2016-138478,"Home Office",1691.31
SR-20740,CA-2017-165323,"Home Office",1676.31
KW-16435,CA-2015-102491,Consumer,1605.7
DM-13015,CA-2014-160766,Consumer,1599.68
SV-20365,CA-2017-100111,Consumer,1571.8
MC-17425,CA-2016-133711,Corporate,1556.7
JE-15610,CA-2017-133263,Corporate,1488.02
PK-19075,US-2017-102183,Consumer,1464.35
AD-10180,CA-2017-127432,"Home Office",1455.55
AB-10060,CA-2016-129714,"Home Office",1453.43
MW-18235,CA-2014-117639,Corporate,1449.52
TS-21370,CA-2017-143112,Corporate,1398.35
HW-14935,CA-2017-121559,Corporate,1372.37
ME-17320,CA-2014-167199,"Home Office",1343.48
CJ-12010,CA-2016-128818,Consumer,1322.13
DM-13345,CA-2017-157854,Corporate,1280.51
PW-19240,CA-2015-162782,Consumer,1270.99
YS-21880,CA-2017-119809,Corporate,1255.24
BE-11335,CA-2017-137596,"Home Office",1234.37
JM-15865,CA-2014-144624,Consumer,1228.18
LC-16885,US-2015-163825,Consumer,1177.39
DW-13480,CA-2014-131926,"Home Office",1154.67
Dp-13240,CA-2015-169796,"Home Office",1117.56
CC-12370,CA-2016-143714,Consumer,1094.95
NW-18400,US-2015-160857,Consumer,1082.95
GH-14425,CA-2014-144414,Consumer,1073.14
KM-16375,CA-2014-133592,"Home Office",1071.73
AH-10690,CA-2016-113831,Corporate,1069.94
PS-19045,CA-2017-133865,"Home Office",1049.98
RM-19675,CA-2017-145219,"Home Office",1041.91
KH-16690,CA-2014-163223,Corporate,1038.58
QJ-19255,CA-2015-117086,Corporate,1013.13
MW-18220,CA-2014-125997,Consumer,992.71
BM-11650,CA-2017-152912,Corporate,991.36
JK-15640,CA-2017-168109,"Home Office",981.3
GT-14710,CA-2015-124450,Consumer,974.31
FC-14245,CA-2016-147256,"Home Office",972.25
CC-12370,CA-2016-135265,Consumer,965.86
IM-15055,CA-2016-129630,Consumer,953.72
DR-12880,CA-2017-161956,Corporate,926.34
LA-16780,CA-2016-122903,Corporate,921.14
TT-21460,CA-2017-141439,"Home Office",905.62
RW-19540,CA-2017-166093,Corporate,902.07
CA-11965,CA-2016-157791,Corporate,899.98
ES-14020,US-2017-163300,Consumer,895.61
TS-21370,US-2015-100377,Corporate,874.99
SC-20095,CA-2014-152268,Consumer,843.17
AC-10450,CA-2017-141789,Consumer,843.17
GK-14620,CA-2016-101546,Corporate,843.17
VD-21670,CA-2015-113145,Consumer,841.94
HR-14830,US-2017-135013,Corporate,839.99
YC-21895,CA-2014-119375,Corporate,833.76
TB-21175,CA-2017-143567,Corporate,829.64
NP-18325,CA-2015-131338,Consumer,800.08
BD-11500,US-2017-105935,Consumer,788.84
MZ-17515,CA-2014-128524,Corporate,784.81
DB-13270,CA-2016-163804,"Home Office",782.52
JE-16165,CA-2016-114489,Corporate,775.98
BD-11320,CA-2015-120677,Consumer,770.35
CM-12655,CA-2017-113418,"Home Office",767.2
JL-15835,US-2017-167920,Consumer,764.88
SC-20050,US-2014-131275,"Home Office",764.53
RH-19510,CA-2016-168354,"Home Office",757.56
AH-10210,CA-2017-146983,Consumer,757.41
RD-19660,CA-2017-103877,"Home Office",757.41
JF-15565,CA-2016-102162,Consumer,757.4
GB-14575,CA-2015-158421,Consumer,756
BM-11650,CA-2017-149048,Corporate,754.7
JK-16090,CA-2017-160885,Consumer,743.99
AT-10735,CA-2015-123113,Consumer,739.52
JG-15115,US-2014-135972,Consumer,729.71
NM-18520,CA-2016-153598,Consumer,711.45
JD-15895,CA-2016-143805,Corporate,706.3
GZ-14545,US-2017-167318,Corporate,705.27
AG-10270,CA-2016-105732,Consumer,696.29
BF-11170,CA-2016-159891,"Home Office",694.41
PP-18955,US-2016-108504,"Home Office",688.72
RP-19390,CA-2014-120474,Consumer,686.47
CM-12385,CA-2017-111738,Consumer,685.62
JE-15715,CA-2016-105081,Consumer,681.39
BW-11110,CA-2017-159366,Corporate,680
GT-14710,CA-2014-128209,Consumer,676.46
DJ-13630,CA-2017-115602,Consumer,669.78
AJ-10780,CA-2014-141313,Corporate,654.92
PO-19180,CA-2015-121783,"Home Office",644.34
JH-15985,CA-2014-169726,Consumer,643.98
JG-15160,CA-2015-157084,Consumer,641.47
GZ-14470,CA-2016-131737,Consumer,640.19
KC-16540,CA-2016-145625,Consumer,639.58
JD-16150,CA-2017-168858,Corporate,634.55
KF-16285,CA-2017-112333,"Home Office",632.46
JK-15205,CA-2015-125976,Consumer,631.27
MJ-17740,CA-2016-100300,Consumer,626.4
GA-14515,CA-2015-155306,Consumer,625.85
PS-19045,CA-2014-136567,"Home Office",623.19
SP-20860,US-2016-163881,Corporate,618.73
SC-20380,CA-2017-138975,Consumer,617.56
HG-15025,CA-2014-163748,Consumer,616.46
EB-13840,CA-2015-164301,Corporate,610.86
PJ-19015,CA-2017-143686,Consumer,608.19
LR-16915,CA-2014-131450,Consumer,604.58
CM-12655,US-2016-113677,"Home Office",599.66
TW-21025,CA-2015-137113,"Home Office",598.08
DK-12895,CA-2015-105627,Consumer,596.72
HW-14935,CA-2017-121027,Corporate,595.74
CC-12685,CA-2015-140984,Consumer,592.24
MS-17365,CA-2015-130659,Consumer,578.6
TP-21130,CA-2017-120376,Consumer,577.13
VD-21670,CA-2014-126361,Consumer,576.56
NC-18535,CA-2014-114321,Corporate,575.91
RW-19540,CA-2017-141733,Corporate,568.13
JK-15205,CA-2017-123491,Consumer,557.33
RM-19675,CA-2015-160171,"Home Office",556.6
ED-13885,CA-2015-160227,"Home Office",553.39
BE-11410,CA-2016-125220,Consumer,544.42
RR-19525,CA-2014-126403,Corporate,543.57
PF-19120,US-2015-126977,Consumer,543.28
MP-18175,CA-2015-135685,"Home Office",538.1
JL-15505,CA-2017-156776,Consumer,533.34
DG-13300,CA-2017-123372,Corporate,530.95
KC-16255,US-2016-138408,Corporate,527.98
CL-12565,CA-2017-119452,Consumer,523.71
EM-14140,CA-2016-152730,"Home Office",509.12
NW-18400,CA-2015-102582,Consumer,506.98
JC-15385,CA-2017-108560,Consumer,502.92
FC-14335,CA-2017-107517,Corporate,501.16
AB-10105,CA-2014-103100,Consumer,498.52
KH-16630,CA-2015-109575,Corporate,497.44
KH-16360,US-2017-158526,Consumer,494.86
JF-15415,US-2017-142188,Consumer,494.42
CL-12565,CA-2015-135580,Consumer,490.6
MS-17365,CA-2016-107104,Consumer,487.9
AI-10855,CA-2016-158694,Consumer,485.17
DP-13105,CA-2016-162390,Corporate,482.66
JD-16150,CA-2017-155880,Corporate,482.58
CC-12610,CA-2014-124688,Corporate,481.44
SB-20185,CA-2015-146675,Consumer,481.09
RH-19495,CA-2015-124891,Consumer,480.64
AJ-10795,CA-2014-110786,Corporate,479.95
JL-15850,CA-2015-142944,Consumer,473.75
AM-10705,CA-2014-145387,Consumer,472.08
PF-19225,CA-2016-114972,Consumer,469.92
KB-16240,CA-2017-142034,Corporate,469.61
RA-19885,CA-2014-129091,Corporate,460.34
JO-15145,US-2016-100461,Corporate,456.97
SW-20455,CA-2015-153423,Consumer,456.59
DH-13075,CA-2015-159534,Corporate,456.53
CB-12535,US-2016-165505,Corporate,452.44
NP-18685,CA-2015-156104,"Home Office",449.99
TG-21310,CA-2016-166429,Consumer,449.99
EM-14140,CA-2016-139997,"Home Office",449.98
LD-17005,CA-2014-124856,Consumer,445.9
NC-18535,CA-2017-149881,Corporate,445.17
AS-10225,CA-2014-110408,Corporate,444.69
SF-20965,CA-2015-138009,Corporate,444.27
AA-10645,CA-2015-110863,Consumer,439.31
FH-14275,CA-2017-104640,Corporate,439.23
IL-15100,CA-2017-143063,Consumer,438.68
BB-11545,US-2017-118941,Corporate,438.41
SL-20155,CA-2017-145884,"Home Office",437.29
HL-15040,US-2014-147627,Consumer,437.25
MA-17560,CA-2014-124478,"Home Office",436.1
BT-11680,CA-2015-132626,Consumer,435.02
JH-15985,CA-2015-109638,Consumer,432.93
TS-21205,CA-2014-140662,Corporate,432.73
BF-11170,CA-2017-151799,"Home Office",432.36
BP-11155,CA-2015-158491,Consumer,431.98
KH-16510,CA-2017-117457,Consumer,431.82
RF-19345,CA-2016-163167,Corporate,431.2
BH-11710,CA-2016-112123,Consumer,428.93
JK-15625,CA-2015-113152,Consumer,427.51
PM-19135,US-2015-134558,"Home Office",426.81
SB-20185,CA-2015-149846,Consumer,425.82
EJ-13720,CA-2017-123085,Consumer,423.73
MT-17815,CA-2016-104157,Consumer,421.22
MJ-17740,CA-2017-147291,Consumer,421.08
LW-17215,CA-2014-116246,Consumer,420.59
JP-15520,CA-2017-117324,Consumer,419.33
LA-16780,CA-2014-163552,Corporate,413.61
ZC-21910,CA-2015-115567,Consumer,410.21
DR-12940,CA-2015-104626,"Home Office",409.85
PP-18955,CA-2014-126683,"Home Office",402.26
LB-16795,CA-2017-147032,"Home Office",401.91
DE-13255,CA-2015-153381,"Home Office",401.13
BB-11545,CA-2016-169838,Corporate,400.11
EH-13765,US-2017-111423,Corporate,400.03
LL-16840,CA-2015-137974,Consumer,397.94
EN-13780,CA-2016-165848,Consumer,397.39
DR-12880,CA-2015-103933,Corporate,395.96
TG-21310,CA-2016-146633,Consumer,394.64
JS-15880,US-2015-126214,Consumer,392.89
ME-17320,CA-2016-160717,"Home Office",391.76
CL-12565,CA-2016-153178,Consumer,383.94
RH-19510,CA-2016-169663,"Home Office",382.83
TS-21160,CA-2015-149342,Corporate,381.66
AC-10450,CA-2016-163573,Consumer,381.24
ZC-21910,CA-2014-151995,Consumer,379.49
DJ-13420,CA-2016-123540,Corporate,378.27
FM-14290,CA-2017-146535,"Home Office",376.84
KL-16645,CA-2014-143917,Consumer,376.83
YC-21895,CA-2016-110499,Corporate,374.99
MH-18115,CA-2017-114055,"Home Office",372.81
SC-20725,US-2015-161991,Consumer,372.68
RA-19885,US-2017-106145,Corporate,371.98
KF-16285,CA-2016-159016,"Home Office",371.06
HK-14890,US-2017-141677,Corporate,370.81
FH-14350,CA-2017-104801,Consumer,367.28
WB-21850,CA-2017-138149,Consumer,367.05
TS-21655,CA-2016-148684,Consumer,364.87
KM-16720,CA-2017-167395,Consumer,364.68
FH-14350,CA-2015-165624,Consumer,364.38
MH-18025,CA-2017-103212,Consumer,363.68
JS-16030,CA-2016-163776,Consumer,363.42
GD-14590,CA-2017-150420,Corporate,362.84
MH-18115,CA-2017-127026,"Home Office",362.31
NH-18610,CA-2017-122693,Corporate,361.3
PO-18850,CA-2017-129021,Consumer,358.55
DB-13060,CA-2014-128146,Consumer,358.28
MA-17560,CA-2015-143105,"Home Office",357.36
AF-10870,CA-2016-146934,Consumer,356.82
CB-12025,CA-2015-121188,Consumer,356.63
MH-17455,US-2016-143448,Consumer,356.22
RB-19435,CA-2017-153871,Consumer,355.88
BO-11350,CA-2016-105207,Corporate,355.77
GK-14620,US-2016-116729,Corporate,355.64
TT-21070,CA-2017-122490,Consumer,354.9
GR-14560,US-2014-123183,Corporate,353.61
MC-17590,CA-2016-131835,Corporate,352.76
JG-15160,CA-2014-141796,Consumer,352.31
IL-15100,CA-2015-156482,Consumer,350.55
SG-20080,CA-2015-164882,Consumer,349.85
VW-21775,CA-2017-128265,Corporate,349.34
SS-20140,CA-2017-164756,Corporate,349.2
DH-13075,CA-2015-104941,Corporate,346.28
SU-20665,CA-2017-157966,"Home Office",344.81
CD-11920,CA-2017-111556,Consumer,344.05
SC-20260,CA-2015-111514,Corporate,343.96
DB-13615,CA-2015-137946,Consumer,342.09
SA-20830,CA-2014-154627,Consumer,341.99
RD-19585,CA-2014-164315,Consumer,341.38
GM-14500,CA-2015-127173,Consumer,340.91
SC-20440,CA-2015-103835,Corporate,340.48
CD-12790,CA-2016-124352,"Home Office",339.74
PJ-18835,CA-2015-154746,Corporate,339.16
CL-11890,CA-2017-121888,Consumer,338.06
CB-12535,CA-2017-161046,Corporate,336.78
VM-21685,US-2016-150140,"Home Office",336.64
EJ-14155,CA-2016-142594,Consumer,335.36
AR-10825,CA-2016-132304,Corporate,334.55
JE-15745,CA-2017-161053,Consumer,333.68
SM-20950,CA-2017-150497,Corporate,331.19
ND-18370,CA-2015-114069,Consumer,330.8
EM-13825,CA-2017-122035,Corporate,329.93
RB-19705,CA-2017-152975,"Home Office",329.64
AA-10480,CA-2016-114601,Consumer,328.68
RS-19765,CA-2014-106726,Corporate,327.95
PW-19030,CA-2016-113607,Corporate,327.84
GM-14455,CA-2017-151981,"Home Office",327.68
CS-12250,CA-2014-162775,Corporate,326.57
AB-10060,CA-2017-107174,"Home Office",326.27
NC-18340,CA-2015-112452,Consumer,326.27
MM-17920,US-2016-121013,Consumer,325.84
EP-13915,CA-2015-163587,Consumer,323.41
DH-13075,CA-2014-102274,Corporate,323.13
BF-11215,CA-2017-106859,"Home Office",322.94
LW-16990,US-2016-102239,Corporate,322.32
JM-15865,US-2015-128090,Consumer,319.16
RS-19420,US-2014-117968,Corporate,318.93
DK-13090,CA-2017-100622,Consumer,316.94
RW-19690,CA-2017-167752,Consumer,316.54
RA-19885,US-2014-118997,Corporate,316.14
AJ-10795,CA-2016-123946,Corporate,314.7
TB-21250,CA-2015-141040,Consumer,314.1
JE-15715,CA-2016-169670,Consumer,313.26
RS-19765,US-2017-100048,Corporate,313.03
TC-21295,CA-2014-151330,Consumer,312.95
FP-14320,CA-2016-111213,Consumer,312.41
MP-17965,CA-2016-142335,Corporate,311.43
MK-17905,CA-2016-155516,Corporate,311.35
DK-13225,CA-2017-100650,Corporate,310.99
HM-14860,CA-2016-100510,Corporate,307.75
JM-15265,CA-2016-105816,Corporate,304.94
RW-19630,CA-2017-155460,Corporate,304.75
MN-17935,CA-2017-100097,Consumer,302.47
PG-18820,CA-2016-151561,Consumer,301.42
PF-19165,CA-2016-162355,Consumer,301.09
KL-16645,CA-2016-133550,Consumer,301.05
BH-11710,CA-2014-115812,Consumer,300.77
CS-12355,CA-2017-124296,Consumer,300.53
SC-20020,CA-2014-121006,Consumer,299.8
BT-11530,CA-2017-117212,"Home Office",299.11
AP-10915,CA-2014-146969,Consumer,299.03
CC-12145,CA-2015-121797,Consumer,297.85
AC-10615,CA-2017-157987,Corporate,297.82
JP-15460,CA-2016-158001,Corporate,297.67
GT-14710,US-2016-169040,Consumer,297.41
FG-14260,CA-2014-152443,"Home Office",297.09
JR-16210,CA-2017-159506,Corporate,296.88
KN-16705,CA-2017-126067,"Home Office",295.58
AH-10075,CA-2016-149797,Corporate,294.55
PW-19030,CA-2017-116988,Corporate,294.36
TB-21400,CA-2014-131002,Consumer,291.99
SC-20260,CA-2017-107132,Corporate,291.03
BT-11305,CA-2014-166954,"Home Office",290.9
AJ-10945,US-2015-132836,Consumer,290.68
YS-21880,CA-2017-138380,Corporate,290.01
TH-21550,CA-2015-117800,"Home Office",288.64
KB-16240,CA-2017-162015,Corporate,288.32
RP-19855,CA-2015-154326,Corporate,287.37
MF-18250,US-2017-162670,Corporate,287.24
TS-21205,CA-2017-119284,Corporate,286.36
IM-15070,CA-2015-154956,Consumer,285.99
RL-19615,CA-2016-168753,Consumer,285.76
SM-20950,US-2015-116981,Corporate,285.62
HP-14815,CA-2017-111689,"Home Office",285.5
CK-12325,US-2014-125521,"Home Office",284.98
RF-19735,US-2017-130953,Consumer,283.57
NL-18310,US-2017-163790,"Home Office",282.44
ND-18460,CA-2017-164112,Corporate,282.21
JD-15895,CA-2016-144218,Corporate,282.21
TT-21460,CA-2015-135622,"Home Office",281.12
LS-16975,CA-2017-117702,"Home Office",281.05
CK-12595,US-2016-167472,Consumer,280.81
SU-20665,CA-2017-148922,"Home Office",280.77
RK-19300,CA-2015-160472,Consumer,279.55
KC-16255,CA-2015-109470,Corporate,278.38
RB-19465,CA-2016-115917,"Home Office",277.8
SC-20230,US-2016-126452,Corporate,275.9
LW-17215,CA-2016-132997,Consumer,274.08
KF-16285,CA-2017-149559,"Home Office",273.87
KD-16615,US-2015-129007,Corporate,272.58
WB-21850,CA-2016-165330,Consumer,272.38
EM-14140,CA-2015-146255,"Home Office",271.42
DK-12895,CA-2017-152310,Consumer,271.22
BF-11020,CA-2015-145758,Corporate,269.31
SN-20710,US-2016-146570,"Home Office",268.48
LC-16960,CA-2015-111038,"Home Office",267.67
AA-10315,CA-2014-128055,Consumer,267.42
TP-21130,CA-2016-109722,Consumer,266.17
JD-16150,CA-2016-116911,Corporate,266.16
SH-19975,US-2016-115441,Corporate,265.93
TC-21145,CA-2017-124205,Corporate,265.53
GM-14455,CA-2014-138940,"Home Office",265.42
NM-18445,CA-2015-136805,"Home Office",265.29
EH-14125,CA-2017-124744,"Home Office",262.88
JF-15190,CA-2017-121083,Consumer,262.19
CG-12520,CA-2016-152156,Consumer,261.5
AB-10150,CA-2014-169061,Consumer,261.19
LA-16780,CA-2016-108882,Corporate,260.71
AD-10180,CA-2017-143245,"Home Office",260.53
JM-16195,CA-2014-160094,Consumer,260.25
TS-21370,CA-2015-136469,Corporate,260.11
TS-21430,CA-2014-111192,Corporate,259.89
LB-16795,US-2016-155768,"Home Office",258.41
CS-12355,CA-2015-142755,Consumer,258.28
ML-17395,CA-2014-134215,Corporate,256.93
AA-10645,CA-2016-147137,Consumer,255.59
XP-21865,CA-2016-109365,Consumer,255.44
DB-13405,CA-2015-129322,Consumer,255.43
AJ-10795,CA-2017-142342,Corporate,255.24
ML-17410,CA-2014-125556,Consumer,254.24
CR-12730,CA-2017-116519,Consumer,253.37
SZ-20035,CA-2015-154284,"Home Office",253.31
ES-14080,CA-2017-127397,Corporate,253.19
JL-15835,US-2015-138121,Consumer,252.89
DK-12835,CA-2017-139199,Corporate,252.71
FA-14230,CA-2017-122364,Corporate,252.38
RA-19915,CA-2014-134313,Consumer,252.31
KD-16345,CA-2015-145814,Consumer,252.15
KH-16330,CA-2014-140396,Corporate,251.17
KH-16510,CA-2015-133242,Consumer,250.82
DL-12865,US-2016-125402,Consumer,250.74
JD-16150,US-2015-163279,Corporate,250.17
LC-17140,CA-2016-137043,Consumer,249.15
BD-11605,CA-2014-157147,Consumer,249.15
IL-15100,US-2015-114741,Consumer,248.64
NZ-18565,US-2014-106299,"Home Office",248.03
SF-20200,CA-2017-123967,Consumer,247.76
AS-10225,CA-2017-112515,Corporate,247.59
DL-12925,US-2014-137155,Consumer,246.95
PV-18985,CA-2017-105914,"Home Office",246.81
FO-14305,CA-2014-132612,Consumer,245.02
TB-21280,CA-2016-134887,Consumer,244.62
MS-17710,CA-2015-134257,Consumer,244.25
AS-10090,CA-2015-127509,Consumer,243.86
SC-20695,US-2016-124163,Corporate,243.67
NP-18670,CA-2016-114104,Consumer,243.1
NP-18700,CA-2014-168494,Consumer,242.99
MA-17560,CA-2015-130974,"Home Office",242.67
JW-16075,CA-2015-120621,Consumer,242.51
BP-11095,CA-2017-160325,Corporate,241.11
AS-10285,US-2016-164196,Corporate,241.1
HK-14890,CA-2014-144281,Corporate,240.86
SG-20605,CA-2014-121573,Consumer,240.69
IM-15070,CA-2014-120768,Consumer,240.6
AR-10540,US-2015-136987,Consumer,240.26
EB-13870,CA-2015-106320,Consumer,240.26
KT-16480,CA-2014-116666,Consumer,240
JK-16120,CA-2014-120670,"Home Office",239.98
LW-16825,CA-2014-103429,Corporate,239.36
RA-19285,CA-2015-111780,Consumer,239.24
LT-17110,US-2014-165659,Consumer,238.4
MO-17800,CA-2017-157931,"Home Office",238.19
KD-16495,CA-2015-121650,Corporate,235.84
MC-17275,CA-2014-107818,Consumer,235.22
GZ-14470,CA-2017-126928,Consumer,235.13
EA-14035,CA-2015-158939,Corporate,234
AH-10210,CA-2015-165050,Consumer,233.99
KE-16420,US-2015-166520,Corporate,231.6
PK-19075,CA-2016-129126,Consumer,230.97
JK-15625,CA-2014-166051,Consumer,230.97
CM-12235,CA-2016-144309,Consumer,229.7
KM-16225,CA-2015-108665,Corporate,229.52
SN-20560,CA-2016-118101,"Home Office",229.01
JK-16090,CA-2015-107678,Consumer,228.89
TB-21625,CA-2017-120168,Consumer,228.18
AP-10720,US-2016-103674,"Home Office",227.84
JM-15250,CA-2017-128853,Consumer,227.2
LB-16795,CA-2017-118199,"Home Office",226.07
LC-17050,CA-2016-118514,Consumer,225.26
NF-18385,CA-2017-155705,Consumer,225.26
EH-13765,US-2015-147242,Corporate,224.83
AB-10105,CA-2017-101042,Consumer,224.45
RS-19765,CA-2014-128846,Corporate,224.04
FM-14215,CA-2014-114790,Corporate,223.98
SW-20275,CA-2016-127761,Consumer,221.85
PP-18955,CA-2017-117401,"Home Office",220.95
CM-12115,CA-2017-100524,Consumer,220.23
KM-16225,US-2015-138093,Corporate,220.17
NP-18700,CA-2016-105459,Consumer,220.15
KL-16645,CA-2017-112900,Consumer,219.99
CL-12565,CA-2016-134803,Consumer,219.88
DR-12940,CA-2017-160899,"Home Office",219.65
RA-19285,CA-2017-141929,Consumer,219.59
NG-18355,CA-2014-100762,Corporate,219.08
JL-15850,CA-2015-120880,Consumer,219.01
SG-20080,CA-2017-155376,Consumer,218.25
BG-11035,CA-2017-117198,Consumer,217.77
SC-20725,CA-2017-108539,Consumer,217.33
NC-18340,CA-2017-111332,Consumer,216.59
MC-17845,CA-2014-156594,Consumer,216.36
DK-12835,US-2015-164448,Corporate,216.29
MW-18235,CA-2017-136308,Corporate,216
CT-11995,CA-2014-166086,Consumer,215.81
KL-16645,CA-2015-115798,Consumer,214.55
MP-17965,CA-2015-110765,Corporate,214.49
BP-11185,CA-2017-130036,Corporate,213.94
DB-12910,US-2017-159205,"Home Office",213.76
RS-19420,US-2017-128951,Corporate,213.73
SC-20680,US-2015-164308,"Home Office",213.7
DN-13690,CA-2016-114860,Consumer,213.16
AH-10120,CA-2017-150987,"Home Office",212.82
MP-17470,CA-2015-102281,"Home Office",210.91
KH-16690,CA-2017-163979,Corporate,210.49
JE-15745,CA-2017-129462,Consumer,210.16
TM-21010,CA-2015-147788,Consumer,209.64
KB-16405,CA-2017-161067,"Home Office",209.58
FH-14365,CA-2015-162047,Corporate,209.27
AG-10900,CA-2016-160108,Consumer,209.27
LP-17095,CA-2017-121790,Consumer,209.15
KB-16585,CA-2017-129357,Corporate,208.82
VW-21775,CA-2017-116715,Corporate,208.81
JM-15535,CA-2016-157259,Consumer,207.89
AM-10705,CA-2016-145905,Consumer,207.26
DB-13060,CA-2016-127369,Consumer,207.15
SC-20695,CA-2015-158659,Corporate,207.15
CP-12085,US-2017-167402,Corporate,206.65
BS-11380,CA-2015-142475,Corporate,206.62
BD-11500,CA-2014-140795,Consumer,206.32
RH-19600,CA-2015-109386,Consumer,205.24
PB-19105,CA-2014-128888,Consumer,204.07
EH-13765,CA-2016-136301,Corporate,203.86
PR-18880,US-2017-109253,Consumer,203.85
MG-17650,CA-2016-139395,"Home Office",203.25
DR-12880,CA-2017-143574,Corporate,201.79
CK-12595,CA-2017-100902,Consumer,201.67
RP-19390,CA-2014-142769,Consumer,201.55
JP-15520,CA-2014-144666,Consumer,201.21
EH-13765,CA-2016-100944,Corporate,199.63
TC-21475,CA-2017-121419,"Home Office",199.61
SC-20725,CA-2017-144463,Consumer,199.26
MG-18145,CA-2017-108574,Consumer,198.87
DK-12835,CA-2016-160941,Corporate,198.86
DL-13330,CA-2015-109337,Consumer,197.99
TB-21400,CA-2017-134565,Consumer,197.94
DK-13225,CA-2016-168543,Corporate,197.92
MS-17770,CA-2015-135020,Consumer,197.79
DK-13375,US-2016-111290,Consumer,197.57
TT-21070,CA-2015-116876,Consumer,197.38
RS-19765,CA-2017-128300,Corporate,196.91
PC-18745,CA-2014-150245,Corporate,196.69
TB-21280,CA-2014-130624,Consumer,196.58
RM-19375,US-2017-127292,Consumer,196.32
TC-20980,CA-2014-153087,Corporate,195.98
AM-10705,CA-2017-104731,Consumer,195.57
NF-18595,US-2015-139675,"Home Office",194.73
MP-17470,CA-2014-162089,"Home Office",192.39
CB-12415,CA-2016-147417,Consumer,192
SJ-20500,CA-2016-157336,Consumer,190.9
SH-20635,CA-2015-166975,Corporate,190.43
MH-17290,CA-2017-169327,"Home Office",190.42
CY-12745,CA-2017-130302,Corporate,190.39
CS-12505,CA-2016-134208,Consumer,190.08
JM-16195,CA-2015-116092,Consumer,189.98
MK-18160,CA-2017-128755,Consumer,189.93
CV-12295,US-2017-117534,Consumer,188.84
BF-11170,US-2014-138247,"Home Office",188.78
DJ-13510,CA-2014-111500,Corporate,187.74
GM-14680,CA-2014-103310,Consumer,187.66
DP-13000,CA-2015-105347,Consumer,187.38
NF-18385,CA-2014-127614,Consumer,186.74
BP-11050,CA-2016-160535,Corporate,185.98
CK-12205,CA-2017-110443,Consumer,185.43
DL-13315,CA-2016-146941,Consumer,185.43
JD-15895,CA-2014-127866,Corporate,185.39
GM-14440,CA-2014-154893,Consumer,184.91
EH-14185,CA-2016-167115,Consumer,184
AP-10915,CA-2016-168893,Consumer,183.62
XP-21865,CA-2014-167927,Consumer,183.55
HK-14890,CA-2015-150875,Corporate,183.03
JS-15880,CA-2016-110492,Consumer,183
JB-15400,CA-2017-132339,Corporate,182.36
KH-16330,CA-2017-120404,Corporate,181.51
TA-21385,US-2014-119081,"Home Office",180.43
DB-13660,CA-2017-121853,Consumer,180.27
RM-19675,CA-2014-158274,"Home Office",180.27
LE-16810,CA-2016-157245,Consumer,179.75
JE-15475,CA-2016-133795,Consumer,179.74
LC-16930,CA-2016-107202,Corporate,179.73
MC-17845,CA-2014-157784,Consumer,179.39
RD-19480,US-2017-116652,Consumer,179.03
DB-13210,CA-2017-165841,Consumer,179
RW-19630,CA-2016-112585,Corporate,178.91
AM-10360,US-2015-107944,Corporate,178.89
SV-20785,CA-2015-162887,Consumer,178.8
VB-21745,CA-2017-155698,Corporate,178.37
SR-20740,CA-2016-132661,"Home Office",178.32
RB-19465,CA-2014-117765,"Home Office",178.27
DB-13555,CA-2017-104885,Corporate,177.71
PF-19165,CA-2016-138233,Consumer,177.59
FC-14245,CA-2017-167640,"Home Office",177.58
BS-11365,CA-2014-168130,Corporate,177.42
SV-20785,CA-2014-100895,Consumer,176.93
RF-19735,CA-2015-111206,Consumer,176.79
TS-21370,CA-2017-166436,Corporate,176.62
TP-21130,US-2017-107384,Consumer,176.52
BP-11155,CA-2016-154767,Consumer,175.73
GM-14695,CA-2016-100244,Corporate,175.63
BS-11665,CA-2015-126725,Consumer,175.39
LC-17140,CA-2017-162789,Consumer,175.34
MY-17380,CA-2017-132234,Corporate,175.14
EP-13915,CA-2014-134278,Consumer,175
LW-16990,CA-2017-101245,Corporate,174.76
BS-11590,CA-2014-106376,Corporate,174.29
IM-15070,CA-2016-140501,Consumer,174.26
SA-20830,CA-2015-115938,Consumer,174.26
FH-14275,CA-2014-153808,Corporate,174.2
SS-20515,CA-2015-103135,"Home Office",174.01
OT-18730,CA-2017-162173,Consumer,173.88
JF-15190,US-2016-155103,Consumer,173.31
SB-20170,CA-2017-108441,Consumer,173.31
BF-11215,CA-2016-154662,"Home Office",173.24
TH-21550,CA-2017-112956,"Home Office",172.96
LH-16900,US-2014-156559,Consumer,172.48
CC-12685,CA-2015-109190,Consumer,172.15
SV-20935,CA-2017-116225,Consumer,171.93
JM-16195,CA-2017-158169,Consumer,171.79
DK-13150,CA-2017-102197,Corporate,171.44
VP-21730,CA-2017-105333,"Home Office",170.88
EB-13750,CA-2015-166947,Corporate,169.18
ON-18715,CA-2014-154095,Corporate,169.05
BS-11590,US-2017-109610,Corporate,168.47
ME-17725,CA-2017-143756,Consumer,168.47
SJ-20125,CA-2016-140571,"Home Office",168.1
EB-14110,CA-2016-121370,Consumer,167.99
TN-21040,CA-2015-140557,"Home Office",167.98
JB-16045,CA-2016-139269,"Home Office",167.65
SC-20725,CA-2016-103730,Consumer,167.15
DM-13525,CA-2015-132465,Corporate,167.11
MM-17260,CA-2016-120355,Consumer,166.51
TB-21355,CA-2017-159464,Corporate,166.22
AJ-10945,CA-2017-133004,Consumer,166.07
TB-21055,CA-2016-145982,Consumer,165.88
LW-17125,CA-2016-157280,Consumer,165.8
JJ-15445,CA-2015-120915,Consumer,165.63
DK-13090,CA-2015-110457,Consumer,165.38
LA-16780,CA-2016-164091,Corporate,165.29
KD-16615,CA-2017-129294,Corporate,165.28
DS-13030,CA-2017-131954,"Home Office",164.43
LC-16870,CA-2015-150770,Consumer,164.17
AG-10495,CA-2015-111948,Corporate,163.92
RE-19450,CA-2015-151589,Consumer,163.92
SN-20560,CA-2015-125934,"Home Office",163.89
KB-16600,CA-2017-159156,Corporate,163.79
DK-13375,US-2016-139087,Consumer,163.42
QJ-19255,CA-2016-142097,Corporate,163.36
LC-16885,CA-2014-139192,Consumer,163.27
SC-20095,CA-2016-126158,Consumer,163.2
ML-17395,CA-2016-168830,Corporate,163.19
FH-14275,CA-2016-152170,Corporate,163.17
DW-13480,US-2017-132297,"Home Office",163
SG-20605,US-2015-127040,Consumer,162.97
NP-18325,CA-2014-117464,Consumer,162.75
JE-15715,CA-2016-106950,Consumer,162.2
ED-13885,CA-2016-118311,"Home Office",162
TB-21190,CA-2014-163447,"Home Office",161.97
JF-15355,CA-2015-132486,Consumer,161.11
CB-12025,CA-2016-117583,Consumer,160.95
HR-14830,CA-2017-166184,Corporate,160.7
RP-19855,CA-2016-168774,Corporate,160.62
NR-18550,CA-2016-152688,Consumer,160.61
CM-12655,CA-2015-140410,"Home Office",160.53
NP-18670,CA-2017-150091,Consumer,160.42
EM-14095,CA-2015-163237,Corporate,160.27
MG-17650,CA-2017-152933,"Home Office",160.15
CW-11905,CA-2017-152436,"Home Office",160.04
CP-12340,CA-2016-133613,Corporate,159.68
WB-21850,CA-2014-125829,Consumer,159.64
SE-20110,CA-2015-111164,Consumer,159.31
RB-19465,CA-2014-152618,"Home Office",158.69
PM-18940,CA-2016-102092,Consumer,158.53
JE-15610,CA-2017-166317,Corporate,158.29
GB-14575,CA-2017-130309,Consumer,157.87
CL-12700,US-2017-166037,"Home Office",157.47
Co-12640,US-2014-112949,Consumer,157.42
BF-10975,CA-2016-100041,Corporate,157.38
SE-20110,CA-2016-142405,Consumer,157.01
PO-19180,CA-2016-147375,"Home Office",156.84
JP-16135,CA-2016-146171,"Home Office",156.68
EB-14170,CA-2014-111962,Consumer,156.61
PO-18865,CA-2017-128328,Consumer,156.54
CL-12565,CA-2014-125731,Consumer,156.31
DB-12910,CA-2016-101672,"Home Office",155.74
PB-19150,CA-2015-137526,Consumer,155.5
SS-20410,CA-2014-127558,Consumer,155.32
MC-17275,CA-2015-143119,Consumer,155.25
JM-15250,CA-2016-167556,Consumer,155.23
TC-21295,CA-2017-121048,Consumer,155
CA-12055,CA-2016-107328,"Home Office",154.78
EM-13825,CA-2015-149748,Corporate,154.42
RP-19390,CA-2016-101980,Consumer,154.14
FA-14230,US-2015-131359,Corporate,153.47
TS-21505,CA-2017-152737,Consumer,152.76
DK-12835,CA-2015-147529,Corporate,152.59
BM-11650,CA-2015-124107,Corporate,152.52
JO-15280,CA-2015-109197,Consumer,152.5
CL-12700,CA-2016-149279,"Home Office",152.42
JR-16210,CA-2015-142202,Corporate,152.39
CB-12535,CA-2015-100146,Corporate,151.58
AP-10915,CA-2016-128412,Consumer,151.24
NH-18610,US-2017-136721,Corporate,151.02
KF-16285,CA-2017-166296,"Home Office",150.98
MH-17785,CA-2014-124702,Corporate,149.94
CD-11980,CA-2017-144596,Consumer,149.91
TM-21490,CA-2017-113474,Consumer,149.9
CW-11905,CA-2017-161655,"Home Office",149.76
BD-11725,CA-2015-128139,Consumer,149.48
JM-15265,CA-2017-149160,Corporate,149.28
RW-19540,CA-2017-128041,Corporate,149.19
SV-20815,CA-2015-126697,Corporate,148.94
SC-20380,CA-2017-153843,Consumer,148.86
KL-16645,CA-2016-133725,Consumer,148.49
AM-10705,US-2017-124821,Consumer,148.14
SC-20770,CA-2015-140144,Corporate,147.72
ML-17410,CA-2017-121580,Consumer,147.52
BT-11680,CA-2016-123358,Consumer,147.13
ZD-21925,CA-2016-167682,Consumer,146.83
RD-19660,CA-2016-127670,"Home Office",146.4
Dl-13600,CA-2016-120530,Corporate,146.39
RB-19465,CA-2017-105823,"Home Office",146.39
RD-19810,CA-2017-127474,"Home Office",146.29
LF-17185,CA-2015-109512,Consumer,146.21
LS-17200,CA-2014-115084,Corporate,145.28
LC-16870,CA-2017-113705,Consumer,144.85
CC-12430,CA-2016-116736,"Home Office",144.67
AG-10900,US-2014-119137,Consumer,144.46
IG-15085,CA-2015-101000,Consumer,144.35
HM-14860,CA-2015-118871,Corporate,144.26
PO-19180,CA-2017-118346,"Home Office",143.98
TH-21550,CA-2017-133256,"Home Office",143.44
CC-12100,CA-2014-136399,"Home Office",142.85
CM-12115,CA-2017-149699,Consumer,142.49
NM-18445,CA-2014-150581,"Home Office",142.48
FH-14275,CA-2017-121503,Corporate,142.2
PW-19240,CA-2015-144274,Consumer,142.13
RD-19900,CA-2016-140382,Consumer,142
MY-18295,CA-2014-118976,Corporate,141.77
PG-18895,US-2017-135986,Consumer,141.54
PO-19180,CA-2015-164539,"Home Office",141.28
DB-13405,CA-2017-140949,Consumer,141
AH-10465,CA-2017-115546,Consumer,140.86
TM-21490,CA-2017-108791,Consumer,140
LS-17245,CA-2014-124730,Consumer,139.19
DK-13225,CA-2016-127138,Corporate,139.05
DL-12925,CA-2015-136798,Consumer,138.98
RF-19840,CA-2016-136686,Consumer,138.59
TM-21010,CA-2017-144589,Consumer,138.48
DN-13690,CA-2017-136882,Consumer,138.42
DS-13180,CA-2015-163055,Corporate,138.13
MG-17680,US-2017-109316,"Home Office",137.45
PV-18985,CA-2016-119025,"Home Office",137.29
GB-14575,US-2017-147984,Consumer,137.15
TC-21535,CA-2016-157217,"Home Office",137.09
SW-20350,CA-2016-128517,"Home Office",137.08
RD-19900,CA-2014-158372,Consumer,136.84
NC-18535,CA-2017-139402,Corporate,136.82
LR-16915,CA-2016-126732,Consumer,136.62
AH-10030,CA-2015-130113,Corporate,136.56
MW-18220,CA-2014-150518,Consumer,136.45
RW-19690,CA-2017-169285,Consumer,135.98
FP-14320,CA-2014-138128,Consumer,135.58
MC-17425,CA-2014-140473,Corporate,135
RB-19435,US-2015-103996,Consumer,134.81
CA-12775,CA-2017-145653,Consumer,134.53
NG-18430,CA-2014-122749,Consumer,134.39
GW-14605,CA-2015-135489,Consumer,134.33
TP-21565,CA-2016-163328,Corporate,134.04
SP-20620,CA-2017-148929,Corporate,133.86
ES-14080,CA-2014-108189,Corporate,133.76
KN-16705,US-2014-143287,"Home Office",133.7
CS-12250,CA-2017-105487,Corporate,133.68
EH-13765,CA-2016-135776,Corporate,133.47
CR-12820,US-2017-136868,"Home Office",133.2
MV-18190,CA-2016-123512,Consumer,132.62
IM-15070,CA-2016-161389,Consumer,132.59
RW-19690,CA-2017-112431,Consumer,132.34
TZ-21580,CA-2014-163419,Consumer,132.29
JD-16060,CA-2017-168123,Consumer,131.89
SL-20155,CA-2015-153549,"Home Office",131.28
JW-15220,CA-2016-133935,Corporate,131.24
BT-11395,CA-2015-110016,Corporate,131.12
CC-12685,CA-2015-119480,Consumer,131.08
BB-11545,CA-2017-158561,Corporate,130.29
BE-11335,US-2017-105046,"Home Office",129.91
HA-14905,CA-2016-145611,Consumer,129.77
JK-15370,US-2014-102715,Consumer,129.55
KD-16270,CA-2015-110870,Consumer,129.49
PK-19075,CA-2016-115756,Consumer,129.4
DM-13345,CA-2016-114482,Corporate,129.16
MR-17545,US-2017-139465,"Home Office",129.07
CC-12220,CA-2017-152695,Consumer,128.87
CA-12310,CA-2017-120936,Corporate,128.78
PG-18820,US-2016-162859,Consumer,128.06
KH-16630,CA-2014-102673,Corporate,127.97
EH-13765,CA-2016-158155,Corporate,127.7
HE-14800,CA-2017-140480,Corporate,127.41
JP-16135,US-2016-111528,"Home Office",127.3
CH-12070,CA-2016-109344,"Home Office",126.9
AI-10855,CA-2014-131387,Consumer,126
AS-10090,CA-2014-156160,Consumer,125.92
PB-18805,CA-2017-156958,"Home Office",125.82
CB-12025,CA-2017-144484,Consumer,125.5
RW-19690,CA-2017-110905,Consumer,125.31
SW-20455,CA-2016-140249,Consumer,125.2
ML-18040,CA-2017-168655,Corporate,125.15
MM-18055,CA-2014-110555,Consumer,124.95
AH-10030,CA-2014-122070,Corporate,124.79
BD-11605,CA-2016-112102,Consumer,124.5
JK-15640,CA-2015-143980,"Home Office",124.49
KM-16375,CA-2016-159212,"Home Office",124.45
PS-18760,CA-2016-153269,Consumer,124.19
PO-18865,CA-2014-120838,Consumer,123.7
AR-10825,CA-2017-118724,Corporate,123.65
NH-18610,CA-2017-100384,Corporate,123.64
HL-15040,CA-2016-101987,Consumer,123.45
FH-14275,CA-2014-100916,Corporate,122.97
GG-14650,CA-2014-106439,Corporate,122.54
MC-17845,US-2017-128447,Consumer,122.3
SM-20950,CA-2015-107902,Corporate,122.29
HG-14845,CA-2017-122763,Consumer,121.91
AA-10375,CA-2016-131065,Consumer,121.25
LH-16900,US-2015-136749,Consumer,121.11
JG-15160,CA-2016-108434,Consumer,120.95
YS-21880,CA-2015-156755,Corporate,120.95
KN-16450,CA-2014-154599,Corporate,120.84
EB-13975,US-2016-164630,Corporate,120
GZ-14470,CA-2015-123141,Consumer,119.59
NB-18655,CA-2015-110289,Corporate,119.34
KW-16435,CA-2017-144904,Consumer,118.98
CD-12280,CA-2017-102925,Consumer,118.91
CA-12265,CA-2015-120362,Consumer,118.66
AH-10690,CA-2015-110548,Corporate,118.29
BM-11650,CA-2017-167101,Corporate,118.22
Dp-13240,CA-2016-152072,"Home Office",117.74
DB-13555,CA-2017-115882,Corporate,117.51
EB-14170,CA-2015-142930,Consumer,117.43
CM-12715,CA-2014-103492,Corporate,117.4
BT-11485,CA-2015-165085,"Home Office",117.39
HK-14890,CA-2015-109862,Corporate,117.02
JK-16120,CA-2016-150945,"Home Office",117.01
BS-11800,CA-2017-135279,"Home Office",116.95
AB-10015,CA-2016-140935,Consumer,116.87
MC-17845,CA-2017-148446,Consumer,116.87
GK-14620,CA-2016-162138,Corporate,116.74
RB-19360,CA-2016-166674,Consumer,116.35
CS-11845,CA-2017-131828,Corporate,116.12
LW-16825,CA-2014-164721,Corporate,115.87
AB-10060,CA-2017-118213,"Home Office",115.51
RA-19915,CA-2016-149979,Consumer,115.47
MA-17560,CA-2014-140732,"Home Office",115.38
HA-14905,CA-2015-134075,Consumer,115.34
MS-17770,CA-2016-150350,Consumer,115.1
NC-18535,CA-2014-145254,Corporate,115.03
JP-15520,CA-2016-117604,Consumer,114.96
MC-17575,CA-2017-115175,Consumer,114.94
JA-15970,CA-2016-116526,Consumer,114.66
CA-12265,CA-2017-140053,Consumer,114.63
CC-12220,CA-2017-161410,Consumer,114.58
BF-11170,US-2015-113327,"Home Office",114.56
SC-20050,CA-2017-123022,"Home Office",114.39
CD-12280,US-2017-132444,Consumer,114.12
ML-17395,CA-2014-121762,Corporate,114.11
TB-21055,CA-2017-145037,Consumer,113.81
CA-12265,CA-2017-122196,Consumer,113.67
DN-13690,CA-2014-166744,Consumer,113.59
DB-13360,CA-2017-150623,"Home Office",113.53
SC-20725,CA-2014-135657,Consumer,113.49
JO-15550,CA-2015-119291,"Home Office",113.42
BH-11710,CA-2017-135587,Consumer,113.18
SC-20260,CA-2014-169803,Corporate,113.14
MM-17920,CA-2016-122063,Consumer,112.85
PN-18775,CA-2016-138597,"Home Office",112.79
BN-11515,CA-2016-169943,Consumer,112.77
FC-14335,US-2014-134054,Corporate,112.57
KN-16450,CA-2017-155621,Corporate,112.42
MG-17890,CA-2015-146948,"Home Office",112.33
GM-14695,CA-2014-102988,Corporate,112.27
DK-12985,CA-2015-134894,Consumer,112.27
DL-12925,CA-2015-134747,Consumer,112.21
EH-14125,CA-2016-136126,"Home Office",112.12
TT-21070,CA-2014-128839,Consumer,111.89
AJ-10780,CA-2017-111577,Corporate,111.57
SC-20230,CA-2016-156685,Corporate,111.53
HR-14770,CA-2017-113278,"Home Office",111.18
SF-20065,CA-2017-104136,Consumer,111.14
BV-11245,US-2016-168410,Corporate,110.98
CS-12250,CA-2014-101560,Corporate,110.84
KM-16720,CA-2014-126760,Consumer,110.7
SH-20395,CA-2014-115889,Consumer,110.46
HF-14995,CA-2014-153969,Consumer,110.43
KM-16225,CA-2017-137463,Corporate,110.21
HG-14965,CA-2016-145919,Corporate,110.13
TM-21010,CA-2014-154669,Consumer,110.05
RL-19615,CA-2015-126557,Consumer,109.98
ME-17320,CA-2017-148474,"Home Office",109.89
CS-12355,CA-2017-111269,Consumer,109.78
DK-13375,CA-2014-100006,Consumer,109.61
RD-19480,CA-2014-108147,Consumer,109.52
CV-12295,US-2014-137869,Consumer,109.5
JK-15730,CA-2016-108616,Consumer,109.38
VD-21670,CA-2015-166583,Consumer,109.34
KT-16465,CA-2016-112669,Consumer,109.32
HA-14905,CA-2014-146640,Consumer,108.8
CR-12580,US-2017-105998,"Home Office",108.8
BD-11620,CA-2014-152254,Consumer,108.74
PG-18895,CA-2015-134117,Consumer,108.68
BN-11515,CA-2014-118339,Consumer,108.19
GM-14440,CA-2016-161025,Consumer,108.18
JL-15835,CA-2014-110849,Consumer,108.14
MH-17620,CA-2017-130841,Corporate,108.05
PS-18970,US-2014-120740,"Home Office",108
JR-15700,CA-2017-117079,Consumer,107.98
SR-20740,US-2014-147704,"Home Office",107.71
RF-19735,CA-2017-126074,Consumer,107.69
TP-21130,CA-2016-142370,Consumer,107.63
BE-11455,CA-2015-122406,"Home Office",107.51
MM-18055,CA-2017-164378,Consumer,107.25
JL-15175,CA-2017-128734,"Home Office",107.22
ML-17755,CA-2017-103968,"Home Office",107.04
DH-13075,US-2017-147886,Corporate,106.98
DO-13645,CA-2017-165008,Consumer,106.96
KM-16720,CA-2015-135545,Consumer,106.81
RS-19765,CA-2017-113670,Corporate,106.8
GA-14725,CA-2014-168368,Consumer,106.79
GZ-14545,CA-2017-140515,Corporate,106.78
CA-12775,CA-2014-140858,Consumer,106.72
TB-21520,CA-2015-130883,Consumer,106.69
JB-16045,CA-2015-107937,"Home Office",106.54
AB-10060,US-2016-108637,"Home Office",106.51
SC-20725,CA-2016-153661,Consumer,106.25
BV-11245,CA-2017-104220,Corporate,105.94
AB-10255,CA-2017-155873,"Home Office",105.9
SD-20485,US-2014-155502,"Home Office",105.56
BM-11575,CA-2016-160304,Corporate,105.54
AR-10405,CA-2015-164427,Corporate,105.47
EJ-14155,CA-2017-147410,Consumer,105.28
CM-12190,CA-2017-146164,Consumer,104.99
KD-16495,CA-2017-104619,Corporate,104.95
LL-16840,CA-2014-153927,Consumer,104.88
CR-12625,CA-2014-111003,"Home Office",104.79
TS-21205,CA-2016-155978,Corporate,104.76
FM-14290,US-2017-129777,"Home Office",104.75
AH-10210,US-2017-148831,Consumer,104.57
LA-16780,CA-2016-132829,Corporate,104.49
BP-11095,CA-2014-162992,Corporate,104.48
RB-19435,US-2014-144078,Consumer,104.25
CL-12565,CA-2016-106530,Consumer,104.23
SG-20470,CA-2014-116190,Consumer,104.14
KF-16285,US-2017-148362,"Home Office",103.95
RM-19675,CA-2015-115392,"Home Office",103.92
BS-11590,US-2015-109015,Corporate,103.49
JL-15235,CA-2016-165169,Consumer,103.36
CA-12775,CA-2015-135853,Consumer,103.18
ME-18010,CA-2014-116932,Corporate,103.17
BD-11500,US-2014-151015,Consumer,102.76
BD-11635,CA-2015-110814,Consumer,102.35
TB-21055,CA-2016-111682,Consumer,102.28
BD-11320,CA-2017-117485,Consumer,102.19
KB-16585,CA-2014-153913,Corporate,102.05
RF-19345,CA-2015-106187,Corporate,102.01
SN-20710,CA-2016-169957,"Home Office",101.98
RD-19585,CA-2015-157770,Consumer,101.89
CT-11995,CA-2017-137085,Consumer,101.58
LO-17170,CA-2017-141572,Corporate,101.45
MO-17500,CA-2016-102981,Consumer,101.44
AF-10885,CA-2015-114300,Consumer,101.19
TG-21640,CA-2015-141012,Consumer,101.17
CA-12310,US-2014-150434,Corporate,101
JP-15460,US-2015-137008,Corporate,100.93
HW-14935,CA-2016-140130,Corporate,100.78
KB-16600,CA-2017-158673,Corporate,100.66
TT-21220,US-2017-113201,Consumer,100.43
LH-17155,CA-2016-144092,Consumer,100.41
DJ-13510,CA-2016-128594,Corporate,100.2
MA-17995,CA-2016-152247,"Home Office",100.2
TW-21025,CA-2014-101364,"Home Office",100.14
RR-19525,CA-2017-102155,Corporate,99.94
DF-13135,CA-2015-124933,Consumer,99.94
BM-11140,CA-2017-121706,Consumer,99.9
BW-11110,CA-2016-101161,Corporate,99.85
TS-21610,CA-2017-105214,Consumer,99.69
HW-14935,CA-2016-136133,Corporate,99.49
HR-14830,CA-2015-135538,Corporate,99.43
SP-20650,CA-2016-149503,Corporate,99.3
NP-18325,US-2014-117135,Consumer,98.93
HA-14920,CA-2015-155334,Consumer,98.79
SF-20065,CA-2014-113383,Consumer,98.59
AP-10915,CA-2014-124737,Consumer,98.58
JL-15835,CA-2017-167913,Consumer,98.5
JD-15895,CA-2016-142545,Corporate,98.29
SO-20335,CA-2015-161718,Consumer,98.2
CS-12175,CA-2014-109302,Corporate,98.1
BW-11200,CA-2016-116596,Consumer,98.01
LS-16975,CA-2014-137092,"Home Office",97.99
RP-19270,CA-2014-155264,Corporate,97.87
AA-10645,CA-2014-143210,Consumer,97.68
LC-16885,CA-2016-145583,Consumer,97.51
MP-17470,CA-2015-103772,"Home Office",97.22
JE-15745,CA-2016-113621,Consumer,96.74
PK-19075,CA-2017-116680,Consumer,96.73
AG-10495,CA-2015-162201,Corporate,96.51
AA-10315,CA-2017-147039,Consumer,96.5
AJ-10780,US-2017-133361,Corporate,96.48
SW-20455,CA-2015-150560,Consumer,96.34
SP-20650,CA-2015-124919,Corporate,95.84
PB-18805,CA-2016-125738,"Home Office",95.84
DR-12880,US-2016-127425,Corporate,95.73
CC-12370,US-2017-155866,Consumer,95.64
JG-15160,CA-2015-131856,Consumer,95.3
PG-18820,CA-2016-103464,Consumer,95.2
BM-11785,CA-2014-106971,Consumer,95.19
LH-17155,CA-2015-121965,Consumer,94.87
CC-12670,CA-2017-112753,Consumer,94.64
TS-21340,CA-2015-153416,Consumer,94.61
SC-20050,CA-2016-155005,"Home Office",94.49
DM-13345,CA-2017-108854,Corporate,93.9
BD-11605,US-2014-164406,Consumer,93.78
SC-20305,CA-2014-113257,Consumer,93.4
MP-17965,CA-2017-155152,Corporate,93.24
AT-10435,CA-2017-102407,"Home Office",93.24
EB-13870,CA-2016-144939,Consumer,93.22
SK-19990,CA-2017-119193,Consumer,93.18
SM-20950,CA-2017-105235,Corporate,93.09
IG-15085,CA-2017-158743,Consumer,92.93
CA-11965,CA-2015-105690,Corporate,92.93
SC-20095,CA-2015-123568,Consumer,92.68
KC-16675,CA-2017-142636,Corporate,92.61
NS-18640,US-2015-160563,Corporate,92.48
TS-21655,CA-2015-153878,Consumer,92.44
MV-17485,CA-2016-133319,Consumer,92.24
RA-19945,CA-2015-126445,Consumer,92.08
