Customer_ID,Order_ID,Region,Profit
TC-20980,CA-2016-118689,Central,8762.39
RB-19360,CA-2017-140151,West,6734.47
HL-15040,CA-2017-166709,East,5039.99
AB-10105,CA-2016-117121,Central,4946.37
SC-20095,CA-2014-116904,Central,4668.69
TA-21385,CA-2017-127180,East,4597.17
CM-12385,CA-2015-145352,South,3192.07
SE-20110,CA-2016-158841,South,2825.29
DR-12940,US-2016-140158,East,2640.48
AR-10540,CA-2017-138289,Central,2602.09
KD-16495,CA-2015-114811,East,2509.09
BS-11365,US-2016-107440,East,2381.16
HM-14860,US-2015-128587,Central,2306.74
KD-16270,US-2016-143819,East,2253.43
NM-18445,CA-2014-164973,East,2242.84
TB-21400,CA-2014-145541,East,2239.99
SD-20485,CA-2015-120782,Central,1947.98
JW-15220,CA-2017-135909,West,1938.38
FH-14365,CA-2015-111829,West,1930.46
DP-13390,CA-2016-138478,West,1691.31
SR-20740,CA-2017-165323,East,1676.31
KW-16435,CA-2015-102491,South,1605.7
DM-13015,CA-2014-160766,East,1599.68
SV-20365,CA-2017-100111,East,1571.8
MC-17425,CA-2016-133711,South,1556.7
JE-15610,CA-2017-133263,South,1488.02
PK-19075,US-2017-102183,East,1464.35
AD-10180,CA-2017-127432,West,1455.55
AB-10060,CA-2016-129714,East,1453.43
MW-18235,CA-2014-117639,South,1449.52
TS-21370,CA-2017-143112,East,1398.35
HW-14935,CA-2017-121559,Central,1372.37
ME-17320,CA-2014-167199,South,1343.48
CJ-12010,CA-2016-128818,East,1322.13
DM-13345,CA-2017-157854,South,1280.51
PW-19240,CA-2015-162782,East,1270.99
YS-21880,CA-2017-119809,West,1255.24
BE-11335,CA-2017-137596,Central,1234.37
JM-15865,CA-2014-144624,East,1228.18
LC-16885,US-2015-163825,East,1177.39
DW-13480,CA-2014-131926,Central,1154.67
Dp-13240,CA-2015-169796,East,1117.56
CC-12370,CA-2016-143714,East,1094.95
NW-18400,US-2015-160857,East,1082.95
GH-14425,CA-2014-144414,West,1073.14
KM-16375,CA-2014-133592,East,1071.73
AH-10690,CA-2016-113831,South,1069.94
PS-19045,CA-2017-133865,West,1049.98
RM-19675,CA-2017-145219,West,1041.91
KH-16690,CA-2014-163223,South,1038.58
QJ-19255,CA-2015-117086,East,1013.13
MW-18220,CA-2014-125997,East,992.71
BM-11650,CA-2017-152912,East,991.36
JK-15640,CA-2017-168109,West,981.3
GT-14710,CA-2015-124450,East,974.31
FC-14245,CA-2016-147256,Central,972.25
CC-12370,CA-2016-135265,West,965.86
IM-15055,CA-2016-129630,West,953.72
DR-12880,CA-2017-161956,West,926.34
LA-16780,CA-2016-122903,Central,921.14
TT-21460,CA-2017-141439,Central,905.62
RW-19540,CA-2017-166093,West,902.07
CA-11965,CA-2016-157791,East,899.98
ES-14020,US-2017-163300,West,895.61
TS-21370,US-2015-100377,Central,874.99
AC-10450,CA-2017-141789,Central,843.17
SC-20095,CA-2014-152268,South,843.17
GK-14620,CA-2016-101546,East,843.17
VD-21670,CA-2015-113145,East,841.94
HR-14830,US-2017-135013,West,839.99
YC-21895,CA-2014-119375,East,833.76
TB-21175,CA-2017-143567,South,829.64
NP-18325,CA-2015-131338,East,800.08
BD-11500,US-2017-105935,South,788.84
MZ-17515,CA-2014-128524,West,784.81
DB-13270,CA-2016-163804,East,782.52
JE-16165,CA-2016-114489,Central,775.98
BD-11320,CA-2015-120677,Central,770.35
CM-12655,CA-2017-113418,East,767.2
JL-15835,US-2017-167920,South,764.88
SC-20050,US-2014-131275,West,764.53
RH-19510,CA-2016-168354,East,757.56
RD-19660,CA-2017-103877,Central,757.41
AH-10210,CA-2017-146983,South,757.41
JF-15565,CA-2016-102162,South,757.4
GB-14575,CA-2015-158421,South,756
BM-11650,CA-2017-149048,Central,754.7
JK-16090,CA-2017-160885,Central,743.99
AT-10735,CA-2015-123113,East,739.52
JG-15115,US-2014-135972,West,729.71
NM-18520,CA-2016-153598,West,711.45
JD-15895,CA-2016-143805,South,706.3
GZ-14545,US-2017-167318,West,705.27
AG-10270,CA-2016-105732,Central,696.29
BF-11170,CA-2016-159891,South,694.41
PP-18955,US-2016-108504,South,688.72
RP-19390,CA-2014-120474,Central,686.47
CM-12385,CA-2017-111738,West,685.62
JE-15715,CA-2016-105081,West,681.39
BW-11110,CA-2017-159366,Central,680
GT-14710,CA-2014-128209,East,676.46
DJ-13630,CA-2017-115602,East,669.78
AJ-10780,CA-2014-141313,East,654.92
PO-19180,CA-2015-121783,Central,644.34
JH-15985,CA-2014-169726,West,643.98
JG-15160,CA-2015-157084,West,641.47
GZ-14470,CA-2016-131737,East,640.19
KC-16540,CA-2016-145625,West,639.58
JD-16150,CA-2017-168858,East,634.55
KF-16285,CA-2017-112333,East,632.46
JK-15205,CA-2015-125976,South,631.27
MJ-17740,CA-2016-100300,West,626.4
GA-14515,CA-2015-155306,West,625.85
PS-19045,CA-2014-136567,South,623.19
SP-20860,US-2016-163881,West,618.73
SC-20380,CA-2017-138975,South,617.56
HG-15025,CA-2014-163748,Central,616.46
EB-13840,CA-2015-164301,West,610.86
PJ-19015,CA-2017-143686,West,608.19
LR-16915,CA-2014-131450,West,604.58
CM-12655,US-2016-113677,East,599.66
TW-21025,CA-2015-137113,West,598.08
DK-12895,CA-2015-105627,Central,596.72
HW-14935,CA-2017-121027,West,595.74
CC-12685,CA-2015-140984,East,592.24
MS-17365,CA-2015-130659,East,578.6
TP-21130,CA-2017-120376,Central,577.13
VD-21670,CA-2014-126361,West,576.56
NC-18535,CA-2014-114321,South,575.91
RW-19540,CA-2017-141733,Central,568.13
JK-15205,CA-2017-123491,West,557.33
RM-19675,CA-2015-160171,West,556.6
ED-13885,CA-2015-160227,East,553.39
BE-11410,CA-2016-125220,Central,544.42
RR-19525,CA-2014-126403,East,543.57
PF-19120,US-2015-126977,East,543.28
MP-18175,CA-2015-135685,Central,538.1
JL-15505,CA-2017-156776,West,533.34
DG-13300,CA-2017-123372,East,530.95
KC-16255,US-2016-138408,South,527.98
CL-12565,CA-2017-119452,Central,523.71
EM-14140,CA-2016-152730,Central,509.12
NW-18400,CA-2015-102582,South,506.98
JC-15385,CA-2017-108560,West,502.92
FC-14335,CA-2017-107517,West,501.16
AB-10105,CA-2014-103100,Central,498.52
KH-16630,CA-2015-109575,East,497.44
KH-16360,US-2017-158526,South,494.86
JF-15415,US-2017-142188,West,494.42
CL-12565,CA-2015-135580,West,490.6
MS-17365,CA-2016-107104,West,487.9
AI-10855,CA-2016-158694,West,485.17
DP-13105,CA-2016-162390,East,482.66
JD-16150,CA-2017-155880,Central,482.58
CC-12610,CA-2014-124688,South,481.44
SB-20185,CA-2015-146675,Central,481.09
RH-19495,CA-2015-124891,East,480.64
AJ-10795,CA-2014-110786,West,479.95
JL-15850,CA-2015-142944,West,473.75
AM-10705,CA-2014-145387,East,472.08
PF-19225,CA-2016-114972,West,469.92
KB-16240,CA-2017-142034,Central,469.61
RA-19885,CA-2014-129091,South,460.34
JO-15145,US-2016-100461,Central,456.97
SW-20455,CA-2015-153423,East,456.59
DH-13075,CA-2015-159534,East,456.53
CB-12535,US-2016-165505,East,452.44
NP-18685,CA-2015-156104,Central,449.99
TG-21310,CA-2016-166429,West,449.99
EM-14140,CA-2016-139997,West,449.98
LD-17005,CA-2014-124856,East,445.9
NC-18535,CA-2017-149881,West,445.17
AS-10225,CA-2014-110408,South,444.69
SF-20965,CA-2015-138009,Central,444.27
AA-10645,CA-2015-110863,Central,439.31
FH-14275,CA-2017-104640,East,439.23
IL-15100,CA-2017-143063,Central,438.68
BB-11545,US-2017-118941,East,438.41
SL-20155,CA-2017-145884,Central,437.29
HL-15040,US-2014-147627,South,437.25
MA-17560,CA-2014-124478,Central,436.1
BT-11680,CA-2015-132626,East,435.02
JH-15985,CA-2015-109638,West,432.93
TS-21205,CA-2014-140662,West,432.73
BF-11170,CA-2017-151799,East,432.36
BP-11155,CA-2015-158491,West,431.98
KH-16510,CA-2017-117457,West,431.82
RF-19345,CA-2016-163167,South,431.2
BH-11710,CA-2016-112123,East,428.93
JK-15625,CA-2015-113152,East,427.51
PM-19135,US-2015-134558,East,426.81
SB-20185,CA-2015-149846,West,425.82
EJ-13720,CA-2017-123085,West,423.73
MT-17815,CA-2016-104157,South,421.22
MJ-17740,CA-2017-147291,Central,421.08
LW-17215,CA-2014-116246,East,420.59
JP-15520,CA-2017-117324,Central,419.33
LA-16780,CA-2014-163552,East,413.61
ZC-21910,CA-2015-115567,Central,410.21
DR-12940,CA-2015-104626,East,409.85
PP-18955,CA-2014-126683,West,402.26
LB-16795,CA-2017-147032,East,401.91
DE-13255,CA-2015-153381,Central,401.13
BB-11545,CA-2016-169838,Central,400.11
EH-13765,US-2017-111423,East,400.03
LL-16840,CA-2015-137974,South,397.94
EN-13780,CA-2016-165848,East,397.39
DR-12880,CA-2015-103933,East,395.96
TG-21310,CA-2016-146633,West,394.64
JS-15880,US-2015-126214,West,392.89
ME-17320,CA-2016-160717,West,391.76
CL-12565,CA-2016-153178,East,383.94
RH-19510,CA-2016-169663,West,382.83
TS-21160,CA-2015-149342,South,381.66
AC-10450,CA-2016-163573,West,381.24
ZC-21910,CA-2014-151995,West,379.49
DJ-13420,CA-2016-123540,Central,378.27
FM-14290,CA-2017-146535,South,376.84
KL-16645,CA-2014-143917,West,376.83
YC-21895,CA-2016-110499,West,374.99
MH-18115,CA-2017-114055,South,372.81
SC-20725,US-2015-161991,Central,372.68
RA-19885,US-2017-106145,West,371.98
KF-16285,CA-2016-159016,West,371.06
HK-14890,US-2017-141677,Central,370.81
FH-14350,CA-2017-104801,West,367.28
WB-21850,CA-2017-138149,West,367.05
TS-21655,CA-2016-148684,South,364.87
KM-16720,CA-2017-167395,East,364.68
FH-14350,CA-2015-165624,South,364.38
MH-18025,CA-2017-103212,South,363.68
JS-16030,CA-2016-163776,South,363.42
GD-14590,CA-2017-150420,West,362.84
MH-18115,CA-2017-127026,Central,362.31
NH-18610,CA-2017-122693,South,361.3
PO-18850,CA-2017-129021,South,358.55
DB-13060,CA-2014-128146,East,358.28
MA-17560,CA-2015-143105,East,357.36
AF-10870,CA-2016-146934,East,356.82
CB-12025,CA-2015-121188,West,356.63
MH-17455,US-2016-143448,Central,356.22
RB-19435,CA-2017-153871,East,355.88
BO-11350,CA-2016-105207,Central,355.77
GK-14620,US-2016-116729,West,355.64
TT-21070,CA-2017-122490,West,354.9
GR-14560,US-2014-123183,East,353.61
MC-17590,CA-2016-131835,East,352.76
JG-15160,CA-2014-141796,East,352.31
IL-15100,CA-2015-156482,East,350.55
SG-20080,CA-2015-164882,West,349.85
VW-21775,CA-2017-128265,East,349.34
SS-20140,CA-2017-164756,South,349.2
DH-13075,CA-2015-104941,South,346.28
SU-20665,CA-2017-157966,Central,344.81
CD-11920,CA-2017-111556,East,344.05
SC-20260,CA-2015-111514,West,343.96
DB-13615,CA-2015-137946,West,342.09
SA-20830,CA-2014-154627,Central,341.99
RD-19585,CA-2014-164315,South,341.38
GM-14500,CA-2015-127173,East,340.91
SC-20440,CA-2015-103835,West,340.48
CD-12790,CA-2016-124352,Central,339.74
PJ-18835,CA-2015-154746,South,339.16
CL-11890,CA-2017-121888,East,338.06
CB-12535,CA-2017-161046,South,336.78
VM-21685,US-2016-150140,East,336.64
EJ-14155,CA-2016-142594,East,335.36
AR-10825,CA-2016-132304,West,334.55
JE-15745,CA-2017-161053,South,333.68
SM-20950,CA-2017-150497,Central,331.19
ND-18370,CA-2015-114069,East,330.8
EM-13825,CA-2017-122035,Central,329.93
RB-19705,CA-2017-152975,East,329.64
AA-10480,CA-2016-114601,Central,328.68
RS-19765,CA-2014-106726,West,327.95
PW-19030,CA-2016-113607,East,327.84
GM-14455,CA-2017-151981,East,327.68
CS-12250,CA-2014-162775,South,326.57
AB-10060,CA-2017-107174,West,326.27
NC-18340,CA-2015-112452,Central,326.27
MM-17920,US-2016-121013,South,325.84
EP-13915,CA-2015-163587,East,323.41
DH-13075,CA-2014-102274,South,323.13
BF-11215,CA-2017-106859,West,322.94
LW-16990,US-2016-102239,West,322.32
JM-15865,US-2015-128090,West,319.16
RS-19420,US-2014-117968,East,318.93
DK-13090,CA-2017-100622,South,316.94
RW-19690,CA-2017-167752,East,316.54
RA-19885,US-2014-118997,South,316.14
AJ-10795,CA-2016-123946,South,314.7
TB-21250,CA-2015-141040,East,314.1
JE-15715,CA-2016-169670,East,313.26
RS-19765,US-2017-100048,East,313.03
TC-21295,CA-2014-151330,East,312.95
FP-14320,CA-2016-111213,East,312.41
MP-17965,CA-2016-142335,Central,311.43
MK-17905,CA-2016-155516,East,311.35
DK-13225,CA-2017-100650,West,310.99
HM-14860,CA-2016-100510,East,307.75
JM-15265,CA-2016-105816,East,304.94
RW-19630,CA-2017-155460,West,304.75
MN-17935,CA-2017-100097,East,302.47
PG-18820,CA-2016-151561,East,301.42
PF-19165,CA-2016-162355,South,301.09
KL-16645,CA-2016-133550,Central,301.05
BH-11710,CA-2014-115812,West,300.77
CS-12355,CA-2017-124296,South,300.53
SC-20020,CA-2014-121006,Central,299.8
BT-11530,CA-2017-117212,West,299.11
AP-10915,CA-2014-146969,West,299.03
CC-12145,CA-2015-121797,West,297.85
AC-10615,CA-2017-157987,East,297.82
JP-15460,CA-2016-158001,East,297.67
GT-14710,US-2016-169040,West,297.41
FG-14260,CA-2014-152443,East,297.09
JR-16210,CA-2017-159506,Central,296.88
KN-16705,CA-2017-126067,West,295.58
AH-10075,CA-2016-149797,East,294.55
PW-19030,CA-2017-116988,West,294.36
TB-21400,CA-2014-131002,Central,291.99
SC-20260,CA-2017-107132,East,291.03
BT-11305,CA-2014-166954,West,290.9
AJ-10945,US-2015-132836,Central,290.68
YS-21880,CA-2017-138380,West,290.01
TH-21550,CA-2015-117800,East,288.64
KB-16240,CA-2017-162015,West,288.32
RP-19855,CA-2015-154326,Central,287.37
MF-18250,US-2017-162670,South,287.24
TS-21205,CA-2017-119284,South,286.36
IM-15070,CA-2015-154956,Central,285.99
RL-19615,CA-2016-168753,South,285.76
SM-20950,US-2015-116981,East,285.62
HP-14815,CA-2017-111689,East,285.5
CK-12325,US-2014-125521,South,284.98
RF-19735,US-2017-130953,Central,283.57
NL-18310,US-2017-163790,West,282.44
JD-15895,CA-2016-144218,West,282.21
ND-18460,CA-2017-164112,East,282.21
TT-21460,CA-2015-135622,Central,281.12
LS-16975,CA-2017-117702,East,281.05
CK-12595,US-2016-167472,South,280.81
SU-20665,CA-2017-148922,South,280.77
RK-19300,CA-2015-160472,Central,279.55
KC-16255,CA-2015-109470,South,278.38
RB-19465,CA-2016-115917,West,277.8
SC-20230,US-2016-126452,West,275.9
LW-17215,CA-2016-132997,East,274.08
KF-16285,CA-2017-149559,West,273.87
KD-16615,US-2015-129007,West,272.58
WB-21850,CA-2016-165330,West,272.38
EM-14140,CA-2015-146255,East,271.42
DK-12895,CA-2017-152310,West,271.22
BF-11020,CA-2015-145758,East,269.31
SN-20710,US-2016-146570,South,268.48
LC-16960,CA-2015-111038,West,267.67
AA-10315,CA-2014-128055,West,267.42
TP-21130,CA-2016-109722,South,266.17
JD-16150,CA-2016-116911,West,266.16
SH-19975,US-2016-115441,Central,265.93
TC-21145,CA-2017-124205,East,265.53
GM-14455,CA-2014-138940,Central,265.42
NM-18445,CA-2015-136805,Central,265.29
EH-14125,CA-2017-124744,East,262.88
JF-15190,CA-2017-121083,East,262.19
CG-12520,CA-2016-152156,South,261.5
AB-10150,CA-2014-169061,East,261.19
LA-16780,CA-2016-108882,West,260.71
AD-10180,CA-2017-143245,East,260.53
JM-16195,CA-2014-160094,South,260.25
TS-21370,CA-2015-136469,East,260.11
TS-21430,CA-2014-111192,West,259.89
LB-16795,US-2016-155768,West,258.41
CS-12355,CA-2015-142755,South,258.28
ML-17395,CA-2014-134215,East,256.93
AA-10645,CA-2016-147137,West,255.59
XP-21865,CA-2016-109365,West,255.44
DB-13405,CA-2015-129322,East,255.43
AJ-10795,CA-2017-142342,West,255.24
ML-17410,CA-2014-125556,East,254.24
CR-12730,CA-2017-116519,East,253.37
SZ-20035,CA-2015-154284,Central,253.31
ES-14080,CA-2017-127397,East,253.19
JL-15835,US-2015-138121,Central,252.89
DK-12835,CA-2017-139199,Central,252.71
FA-14230,CA-2017-122364,West,252.38
RA-19915,CA-2014-134313,West,252.31
KD-16345,CA-2015-145814,East,252.15
KH-16330,CA-2014-140396,East,251.17
KH-16510,CA-2015-133242,South,250.82
DL-12865,US-2016-125402,West,250.74
JD-16150,US-2015-163279,West,250.17
BD-11605,CA-2014-157147,West,249.15
LC-17140,CA-2016-137043,South,249.15
IL-15100,US-2015-114741,West,248.64
NZ-18565,US-2014-106299,Central,248.03
SF-20200,CA-2017-123967,West,247.76
AS-10225,CA-2017-112515,West,247.59
DL-12925,US-2014-137155,East,246.95
PV-18985,CA-2017-105914,West,246.81
FO-14305,CA-2014-132612,South,245.02
TB-21280,CA-2016-134887,Central,244.62
MS-17710,CA-2015-134257,South,244.25
AS-10090,CA-2015-127509,Central,243.86
SC-20695,US-2016-124163,Central,243.67
NP-18670,CA-2016-114104,Central,243.1
NP-18700,CA-2014-168494,West,242.99
MA-17560,CA-2015-130974,East,242.67
JW-16075,CA-2015-120621,South,242.51
BP-11095,CA-2017-160325,East,241.11
AS-10285,US-2016-164196,Central,241.1
HK-14890,CA-2014-144281,Central,240.86
SG-20605,CA-2014-121573,East,240.69
IM-15070,CA-2014-120768,South,240.6
AR-10540,US-2015-136987,West,240.26
EB-13870,CA-2015-106320,West,240.26
KT-16480,CA-2014-116666,East,240
JK-16120,CA-2014-120670,South,239.98
LW-16825,CA-2014-103429,East,239.36
RA-19285,CA-2015-111780,West,239.24
LT-17110,US-2014-165659,South,238.4
MO-17800,CA-2017-157931,South,238.19
KD-16495,CA-2015-121650,Central,235.84
MC-17275,CA-2014-107818,West,235.22
GZ-14470,CA-2017-126928,East,235.13
EA-14035,CA-2015-158939,Central,234
AH-10210,CA-2015-165050,East,233.99
KE-16420,US-2015-166520,East,231.6
JK-15625,CA-2014-166051,South,230.97
PK-19075,CA-2016-129126,East,230.97
CM-12235,CA-2016-144309,East,229.7
KM-16225,CA-2015-108665,East,229.52
SN-20560,CA-2016-118101,Central,229.01
JK-16090,CA-2015-107678,South,228.89
TB-21625,CA-2017-120168,East,228.18
AP-10720,US-2016-103674,West,227.84
JM-15250,CA-2017-128853,East,227.2
LB-16795,CA-2017-118199,West,226.07
NF-18385,CA-2017-155705,South,225.26
LC-17050,CA-2016-118514,South,225.26
EH-13765,US-2015-147242,East,224.83
AB-10105,CA-2017-101042,South,224.45
RS-19765,CA-2014-128846,South,224.04
FM-14215,CA-2014-114790,South,223.98
SW-20275,CA-2016-127761,East,221.85
PP-18955,CA-2017-117401,Central,220.95
CM-12115,CA-2017-100524,East,220.23
KM-16225,US-2015-138093,East,220.17
NP-18700,CA-2016-105459,East,220.15
KL-16645,CA-2017-112900,Central,219.99
CL-12565,CA-2016-134803,West,219.88
DR-12940,CA-2017-160899,South,219.65
RA-19285,CA-2017-141929,West,219.59
NG-18355,CA-2014-100762,Central,219.08
JL-15850,CA-2015-120880,West,219.01
SG-20080,CA-2017-155376,Central,218.25
BG-11035,CA-2017-117198,South,217.77
SC-20725,CA-2017-108539,West,217.33
NC-18340,CA-2017-111332,Central,216.59
MC-17845,CA-2014-156594,West,216.36
DK-12835,US-2015-164448,West,216.29
MW-18235,CA-2017-136308,West,216
CT-11995,CA-2014-166086,East,215.81
KL-16645,CA-2015-115798,East,214.55
MP-17965,CA-2015-110765,East,214.49
BP-11185,CA-2017-130036,East,213.94
DB-12910,US-2017-159205,South,213.76
RS-19420,US-2017-128951,South,213.73
SC-20680,US-2015-164308,Central,213.7
DN-13690,CA-2016-114860,West,213.16
AH-10120,CA-2017-150987,West,212.82
MP-17470,CA-2015-102281,East,210.91
KH-16690,CA-2017-163979,West,210.49
JE-15745,CA-2017-129462,South,210.16
TM-21010,CA-2015-147788,West,209.64
KB-16405,CA-2017-161067,East,209.58
FH-14365,CA-2015-162047,East,209.27
AG-10900,CA-2016-160108,Central,209.27
LP-17095,CA-2017-121790,Central,209.15
KB-16585,CA-2017-129357,West,208.82
VW-21775,CA-2017-116715,West,208.81
JM-15535,CA-2016-157259,East,207.89
AM-10705,CA-2016-145905,South,207.26
DB-13060,CA-2016-127369,East,207.15
SC-20695,CA-2015-158659,Central,207.15
CP-12085,US-2017-167402,Central,206.65
BS-11380,CA-2015-142475,East,206.62
BD-11500,CA-2014-140795,Central,206.32
RH-19600,CA-2015-109386,South,205.24
PB-19105,CA-2014-128888,Central,204.07
EH-13765,CA-2016-136301,West,203.86
PR-18880,US-2017-109253,West,203.85
MG-17650,CA-2016-139395,Central,203.25
DR-12880,CA-2017-143574,East,201.79
CK-12595,CA-2017-100902,South,201.67
RP-19390,CA-2014-142769,West,201.55
JP-15520,CA-2014-144666,West,201.21
EH-13765,CA-2016-100944,West,199.63
TC-21475,CA-2017-121419,South,199.61
SC-20725,CA-2017-144463,West,199.26
MG-18145,CA-2017-108574,West,198.87
DK-12835,CA-2016-160941,West,198.86
DL-13330,CA-2015-109337,Central,197.99
TB-21400,CA-2017-134565,West,197.94
DK-13225,CA-2016-168543,East,197.92
MS-17770,CA-2015-135020,East,197.79
DK-13375,US-2016-111290,Central,197.57
TT-21070,CA-2015-116876,East,197.38
RS-19765,CA-2017-128300,South,196.91
PC-18745,CA-2014-150245,East,196.69
TB-21280,CA-2014-130624,East,196.58
RM-19375,US-2017-127292,East,196.32
TC-20980,CA-2014-153087,South,195.98
AM-10705,CA-2017-104731,South,195.57
NF-18595,US-2015-139675,West,194.73
MP-17470,CA-2014-162089,Central,192.39
CB-12415,CA-2016-147417,East,192
SJ-20500,CA-2016-157336,East,190.9
SH-20635,CA-2015-166975,South,190.43
MH-17290,CA-2017-169327,West,190.42
CY-12745,CA-2017-130302,East,190.39
CS-12505,CA-2016-134208,South,190.08
JM-16195,CA-2015-116092,West,189.98
MK-18160,CA-2017-128755,South,189.93
CV-12295,US-2017-117534,West,188.84
BF-11170,US-2014-138247,West,188.78
DJ-13510,CA-2014-111500,South,187.74
GM-14680,CA-2014-103310,West,187.66
DP-13000,CA-2015-105347,West,187.38
NF-18385,CA-2014-127614,South,186.74
BP-11050,CA-2016-160535,East,185.98
DL-13315,CA-2016-146941,East,185.43
CK-12205,CA-2017-110443,West,185.43
JD-15895,CA-2014-127866,West,185.39
GM-14440,CA-2014-154893,West,184.91
EH-14185,CA-2016-167115,East,184
AP-10915,CA-2016-168893,South,183.62
XP-21865,CA-2014-167927,Central,183.55
HK-14890,CA-2015-150875,West,183.03
JS-15880,CA-2016-110492,South,183
JB-15400,CA-2017-132339,East,182.36
KH-16330,CA-2017-120404,East,181.51
TA-21385,US-2014-119081,Central,180.43
DB-13660,CA-2017-121853,West,180.27
RM-19675,CA-2014-158274,South,180.27
LE-16810,CA-2016-157245,South,179.75
JE-15475,CA-2016-133795,West,179.74
LC-16930,CA-2016-107202,West,179.73
MC-17845,CA-2014-157784,South,179.39
RD-19480,US-2017-116652,West,179.03
DB-13210,CA-2017-165841,East,179
RW-19630,CA-2016-112585,West,178.91
AM-10360,US-2015-107944,West,178.89
SV-20785,CA-2015-162887,East,178.8
VB-21745,CA-2017-155698,South,178.37
SR-20740,CA-2016-132661,East,178.32
RB-19465,CA-2014-117765,Central,178.27
DB-13555,CA-2017-104885,East,177.71
PF-19165,CA-2016-138233,West,177.59
FC-14245,CA-2017-167640,West,177.58
BS-11365,CA-2014-168130,East,177.42
SV-20785,CA-2014-100895,South,176.93
RF-19735,CA-2015-111206,West,176.79
TS-21370,CA-2017-166436,East,176.62
TP-21130,US-2017-107384,Central,176.52
BP-11155,CA-2016-154767,East,175.73
GM-14695,CA-2016-100244,West,175.63
BS-11665,CA-2015-126725,West,175.39
LC-17140,CA-2017-162789,East,175.34
MY-17380,CA-2017-132234,East,175.14
EP-13915,CA-2014-134278,East,175
LW-16990,CA-2017-101245,West,174.76
BS-11590,CA-2014-106376,West,174.29
IM-15070,CA-2016-140501,East,174.26
SA-20830,CA-2015-115938,South,174.26
FH-14275,CA-2014-153808,West,174.2
SS-20515,CA-2015-103135,South,174.01
OT-18730,CA-2017-162173,South,173.88
JF-15190,US-2016-155103,East,173.31
SB-20170,CA-2017-108441,East,173.31
BF-11215,CA-2016-154662,Central,173.24
TH-21550,CA-2017-112956,East,172.96
LH-16900,US-2014-156559,South,172.48
CC-12685,CA-2015-109190,Central,172.15
SV-20935,CA-2017-116225,East,171.93
JM-16195,CA-2017-158169,West,171.79
DK-13150,CA-2017-102197,East,171.44
VP-21730,CA-2017-105333,East,170.88
EB-13750,CA-2015-166947,East,169.18
ON-18715,CA-2014-154095,East,169.05
BS-11590,US-2017-109610,South,168.47
ME-17725,CA-2017-143756,South,168.47
SJ-20125,CA-2016-140571,South,168.1
EB-14110,CA-2016-121370,East,167.99
TN-21040,CA-2015-140557,East,167.98
JB-16045,CA-2016-139269,South,167.65
SC-20725,CA-2016-103730,East,167.15
DM-13525,CA-2015-132465,East,167.11
MM-17260,CA-2016-120355,East,166.51
TB-21355,CA-2017-159464,South,166.22
AJ-10945,CA-2017-133004,Central,166.07
TB-21055,CA-2016-145982,East,165.88
LW-17125,CA-2016-157280,South,165.8
JJ-15445,CA-2015-120915,East,165.63
DK-13090,CA-2015-110457,West,165.38
LA-16780,CA-2016-164091,East,165.29
KD-16615,CA-2017-129294,West,165.28
DS-13030,CA-2017-131954,West,164.43
LC-16870,CA-2015-150770,West,164.17
AG-10495,CA-2015-111948,Central,163.92
RE-19450,CA-2015-151589,Central,163.92
SN-20560,CA-2015-125934,East,163.89
KB-16600,CA-2017-159156,East,163.79
DK-13375,US-2016-139087,West,163.42
QJ-19255,CA-2016-142097,South,163.36
LC-16885,CA-2014-139192,West,163.27
SC-20095,CA-2016-126158,West,163.2
ML-17395,CA-2016-168830,West,163.19
FH-14275,CA-2016-152170,Central,163.17
DW-13480,US-2017-132297,South,163
SG-20605,US-2015-127040,East,162.97
NP-18325,CA-2014-117464,West,162.75
JE-15715,CA-2016-106950,South,162.2
ED-13885,CA-2016-118311,West,162
TB-21190,CA-2014-163447,East,161.97
JF-15355,CA-2015-132486,West,161.11
CB-12025,CA-2016-117583,East,160.95
HR-14830,CA-2017-166184,East,160.7
RP-19855,CA-2016-168774,Central,160.62
NR-18550,CA-2016-152688,East,160.61
CM-12655,CA-2015-140410,West,160.53
NP-18670,CA-2017-150091,East,160.42
EM-14095,CA-2015-163237,South,160.27
MG-17650,CA-2017-152933,Central,160.15
CW-11905,CA-2017-152436,East,160.04
CP-12340,CA-2016-133613,East,159.68
WB-21850,CA-2014-125829,West,159.64
SE-20110,CA-2015-111164,East,159.31
RB-19465,CA-2014-152618,Central,158.69
PM-18940,CA-2016-102092,South,158.53
JE-15610,CA-2017-166317,Central,158.29
GB-14575,CA-2017-130309,South,157.87
CL-12700,US-2017-166037,East,157.47
Co-12640,US-2014-112949,Central,157.42
BF-10975,CA-2016-100041,Central,157.38
SE-20110,CA-2016-142405,West,157.01
PO-19180,CA-2016-147375,Central,156.84
JP-16135,CA-2016-146171,South,156.68
EB-14170,CA-2014-111962,West,156.61
PO-18865,CA-2017-128328,Central,156.54
CL-12565,CA-2014-125731,West,156.31
DB-12910,CA-2016-101672,West,155.74
PB-19150,CA-2015-137526,West,155.5
SS-20410,CA-2014-127558,West,155.32
MC-17275,CA-2015-143119,South,155.25
JM-15250,CA-2016-167556,East,155.23
TC-21295,CA-2017-121048,West,155
CA-12055,CA-2016-107328,West,154.78
EM-13825,CA-2015-149748,East,154.42
RP-19390,CA-2016-101980,East,154.14
FA-14230,US-2015-131359,West,153.47
TS-21505,CA-2017-152737,West,152.76
DK-12835,CA-2015-147529,South,152.59
BM-11650,CA-2015-124107,Central,152.52
JO-15280,CA-2015-109197,West,152.5
CL-12700,CA-2016-149279,West,152.42
JR-16210,CA-2015-142202,South,152.39
CB-12535,CA-2015-100146,West,151.58
AP-10915,CA-2016-128412,West,151.24
NH-18610,US-2017-136721,Central,151.02
KF-16285,CA-2017-166296,West,150.98
MH-17785,CA-2014-124702,West,149.94
CD-11980,CA-2017-144596,East,149.91
TM-21490,CA-2017-113474,Central,149.9
CW-11905,CA-2017-161655,East,149.76
BD-11725,CA-2015-128139,South,149.48
JM-15265,CA-2017-149160,Central,149.28
RW-19540,CA-2017-128041,West,149.19
SV-20815,CA-2015-126697,Central,148.94
SC-20380,CA-2017-153843,East,148.86
KL-16645,CA-2016-133725,Central,148.49
AM-10705,US-2017-124821,West,148.14
SC-20770,CA-2015-140144,West,147.72
ML-17410,CA-2017-121580,Central,147.52
BT-11680,CA-2016-123358,West,147.13
ZD-21925,CA-2016-167682,Central,146.83
RD-19660,CA-2016-127670,Central,146.4
Dl-13600,CA-2016-120530,East,146.39
RB-19465,CA-2017-105823,Central,146.39
RD-19810,CA-2017-127474,Central,146.29
LF-17185,CA-2015-109512,East,146.21
LS-17200,CA-2014-115084,South,145.28
LC-16870,CA-2017-113705,South,144.85
CC-12430,CA-2016-116736,East,144.67
AG-10900,US-2014-119137,West,144.46
IG-15085,CA-2015-101000,East,144.35
HM-14860,CA-2015-118871,West,144.26
PO-19180,CA-2017-118346,Central,143.98
TH-21550,CA-2017-133256,Central,143.44
CC-12100,CA-2014-136399,West,142.85
CM-12115,CA-2017-149699,West,142.49
NM-18445,CA-2014-150581,West,142.48
FH-14275,CA-2017-121503,Central,142.2
PW-19240,CA-2015-144274,East,142.13
RD-19900,CA-2016-140382,West,142
MY-18295,CA-2014-118976,East,141.77
PG-18895,US-2017-135986,South,141.54
PO-19180,CA-2015-164539,East,141.28
DB-13405,CA-2017-140949,East,141
AH-10465,CA-2017-115546,East,140.86
TM-21490,CA-2017-108791,East,140
LS-17245,CA-2014-124730,East,139.19
DK-13225,CA-2016-127138,West,139.05
DL-12925,CA-2015-136798,Central,138.98
RF-19840,CA-2016-136686,West,138.59
TM-21010,CA-2017-144589,West,138.48
DN-13690,CA-2017-136882,Central,138.42
DS-13180,CA-2015-163055,Central,138.13
MG-17680,US-2017-109316,West,137.45
PV-18985,CA-2016-119025,Central,137.29
GB-14575,US-2017-147984,Central,137.15
TC-21535,CA-2016-157217,West,137.09
SW-20350,CA-2016-128517,Central,137.08
RD-19900,CA-2014-158372,West,136.84
NC-18535,CA-2017-139402,West,136.82
LR-16915,CA-2016-126732,West,136.62
AH-10030,CA-2015-130113,West,136.56
MW-18220,CA-2014-150518,Central,136.45
RW-19690,CA-2017-169285,Central,135.98
FP-14320,CA-2014-138128,East,135.58
MC-17425,CA-2014-140473,Central,135
RB-19435,US-2015-103996,West,134.81
CA-12775,CA-2017-145653,Central,134.53
NG-18430,CA-2014-122749,Central,134.39
GW-14605,CA-2015-135489,East,134.33
TP-21565,CA-2016-163328,West,134.04
SP-20620,CA-2017-148929,East,133.86
ES-14080,CA-2014-108189,West,133.76
KN-16705,US-2014-143287,East,133.7
CS-12250,CA-2017-105487,West,133.68
EH-13765,CA-2016-135776,West,133.47
CR-12820,US-2017-136868,East,133.2
MV-18190,CA-2016-123512,West,132.62
IM-15070,CA-2016-161389,West,132.59
RW-19690,CA-2017-112431,West,132.34
TZ-21580,CA-2014-163419,West,132.29
JD-16060,CA-2017-168123,Central,131.89
SL-20155,CA-2015-153549,South,131.28
JW-15220,CA-2016-133935,West,131.24
BT-11395,CA-2015-110016,Central,131.12
CC-12685,CA-2015-119480,South,131.08
BB-11545,CA-2017-158561,South,130.29
BE-11335,US-2017-105046,East,129.91
HA-14905,CA-2016-145611,East,129.77
JK-15370,US-2014-102715,South,129.55
KD-16270,CA-2015-110870,West,129.49
PK-19075,CA-2016-115756,Central,129.4
DM-13345,CA-2016-114482,Central,129.16
MR-17545,US-2017-139465,East,129.07
CC-12220,CA-2017-152695,East,128.87
CA-12310,CA-2017-120936,West,128.78
PG-18820,US-2016-162859,East,128.06
KH-16630,CA-2014-102673,South,127.97
EH-13765,CA-2016-158155,East,127.7
HE-14800,CA-2017-140480,East,127.41
JP-16135,US-2016-111528,West,127.3
CH-12070,CA-2016-109344,South,126.9
AI-10855,CA-2014-131387,West,126
AS-10090,CA-2014-156160,East,125.92
PB-18805,CA-2017-156958,West,125.82
CB-12025,CA-2017-144484,West,125.5
RW-19690,CA-2017-110905,Central,125.31
SW-20455,CA-2016-140249,West,125.2
ML-18040,CA-2017-168655,West,125.15
MM-18055,CA-2014-110555,West,124.95
AH-10030,CA-2014-122070,East,124.79
BD-11605,CA-2016-112102,South,124.5
JK-15640,CA-2015-143980,East,124.49
KM-16375,CA-2016-159212,South,124.45
PS-18760,CA-2016-153269,East,124.19
PO-18865,CA-2014-120838,West,123.7
AR-10825,CA-2017-118724,West,123.65
NH-18610,CA-2017-100384,West,123.64
HL-15040,CA-2016-101987,Central,123.45
FH-14275,CA-2014-100916,South,122.97
GG-14650,CA-2014-106439,West,122.54
MC-17845,US-2017-128447,West,122.3
SM-20950,CA-2015-107902,East,122.29
HG-14845,CA-2017-122763,Central,121.91
AA-10375,CA-2016-131065,South,121.25
LH-16900,US-2015-136749,South,121.11
JG-15160,CA-2016-108434,East,120.95
YS-21880,CA-2015-156755,East,120.95
KN-16450,CA-2014-154599,West,120.84
EB-13975,US-2016-164630,South,120
GZ-14470,CA-2015-123141,West,119.59
NB-18655,CA-2015-110289,West,119.34
KW-16435,CA-2017-144904,East,118.98
CD-12280,CA-2017-102925,East,118.91
CA-12265,CA-2015-120362,West,118.66
AH-10690,CA-2015-110548,Central,118.29
BM-11650,CA-2017-167101,East,118.22
Dp-13240,CA-2016-152072,East,117.74
DB-13555,CA-2017-115882,South,117.51
EB-14170,CA-2015-142930,Central,117.43
CM-12715,CA-2014-103492,Central,117.4
BT-11485,CA-2015-165085,East,117.39
HK-14890,CA-2015-109862,East,117.02
JK-16120,CA-2016-150945,East,117.01
BS-11800,CA-2017-135279,East,116.95
AB-10015,CA-2016-140935,Central,116.87
MC-17845,CA-2017-148446,West,116.87
GK-14620,CA-2016-162138,West,116.74
RB-19360,CA-2016-166674,East,116.35
CS-11845,CA-2017-131828,West,116.12
LW-16825,CA-2014-164721,West,115.87
AB-10060,CA-2017-118213,Central,115.51
RA-19915,CA-2016-149979,South,115.47
MA-17560,CA-2014-140732,West,115.38
HA-14905,CA-2015-134075,West,115.34
MS-17770,CA-2016-150350,West,115.1
NC-18535,CA-2014-145254,West,115.03
JP-15520,CA-2016-117604,South,114.96
MC-17575,CA-2017-115175,West,114.94
JA-15970,CA-2016-116526,Central,114.66
CA-12265,CA-2017-140053,West,114.63
CC-12220,CA-2017-161410,East,114.58
BF-11170,US-2015-113327,South,114.56
SC-20050,CA-2017-123022,West,114.39
CD-12280,US-2017-132444,West,114.12
ML-17395,CA-2014-121762,West,114.11
TB-21055,CA-2017-145037,East,113.81
CA-12265,CA-2017-122196,East,113.67
DN-13690,CA-2014-166744,East,113.59
DB-13360,CA-2017-150623,East,113.53
SC-20725,CA-2014-135657,West,113.49
JO-15550,CA-2015-119291,East,113.42
BH-11710,CA-2017-135587,South,113.18
SC-20260,CA-2014-169803,West,113.14
MM-17920,CA-2016-122063,Central,112.85
PN-18775,CA-2016-138597,Central,112.79
BN-11515,CA-2016-169943,East,112.77
FC-14335,US-2014-134054,West,112.57
KN-16450,CA-2017-155621,East,112.42
MG-17890,CA-2015-146948,East,112.33
DK-12985,CA-2015-134894,South,112.27
GM-14695,CA-2014-102988,South,112.27
DL-12925,CA-2015-134747,Central,112.21
EH-14125,CA-2016-136126,South,112.12
TT-21070,CA-2014-128839,South,111.89
AJ-10780,CA-2017-111577,West,111.57
SC-20230,CA-2016-156685,Central,111.53
HR-14770,CA-2017-113278,Central,111.18
SF-20065,CA-2017-104136,East,111.14
BV-11245,US-2016-168410,East,110.98
CS-12250,CA-2014-101560,South,110.84
KM-16720,CA-2014-126760,West,110.7
SH-20395,CA-2014-115889,West,110.46
HF-14995,CA-2014-153969,West,110.43
KM-16225,CA-2017-137463,West,110.21
HG-14965,CA-2016-145919,West,110.13
TM-21010,CA-2014-154669,West,110.05
RL-19615,CA-2015-126557,Central,109.98
ME-17320,CA-2017-148474,South,109.89
CS-12355,CA-2017-111269,East,109.78
DK-13375,CA-2014-100006,East,109.61
RD-19480,CA-2014-108147,East,109.52
CV-12295,US-2014-137869,Central,109.5
JK-15730,CA-2016-108616,South,109.38
VD-21670,CA-2015-166583,Central,109.34
KT-16465,CA-2016-112669,West,109.32
HA-14905,CA-2014-146640,East,108.8
CR-12580,US-2017-105998,West,108.8
BD-11620,CA-2014-152254,South,108.74
PG-18895,CA-2015-134117,West,108.68
BN-11515,CA-2014-118339,Central,108.19
GM-14440,CA-2016-161025,West,108.18
JL-15835,CA-2014-110849,West,108.14
MH-17620,CA-2017-130841,West,108.05
PS-18970,US-2014-120740,West,108
JR-15700,CA-2017-117079,South,107.98
SR-20740,US-2014-147704,Central,107.71
RF-19735,CA-2017-126074,Central,107.69
TP-21130,CA-2016-142370,South,107.63
BE-11455,CA-2015-122406,East,107.51
MM-18055,CA-2017-164378,East,107.25
JL-15175,CA-2017-128734,West,107.22
ML-17755,CA-2017-103968,West,107.04
DH-13075,US-2017-147886,West,106.98
DO-13645,CA-2017-165008,West,106.96
KM-16720,CA-2015-135545,West,106.81
RS-19765,CA-2017-113670,West,106.8
GA-14725,CA-2014-168368,Central,106.79
GZ-14545,CA-2017-140515,West,106.78
CA-12775,CA-2014-140858,East,106.72
TB-21520,CA-2015-130883,West,106.69
JB-16045,CA-2015-107937,West,106.54
AB-10060,US-2016-108637,South,106.51
SC-20725,CA-2016-153661,West,106.25
BV-11245,CA-2017-104220,Central,105.94
AB-10255,CA-2017-155873,West,105.9
SD-20485,US-2014-155502,South,105.56
BM-11575,CA-2016-160304,East,105.54
AR-10405,CA-2015-164427,South,105.47
EJ-14155,CA-2017-147410,West,105.28
CM-12190,CA-2017-146164,Central,104.99
KD-16495,CA-2017-104619,West,104.95
LL-16840,CA-2014-153927,South,104.88
CR-12625,CA-2014-111003,East,104.79
TS-21205,CA-2016-155978,West,104.76
FM-14290,US-2017-129777,East,104.75
AH-10210,US-2017-148831,South,104.57
LA-16780,CA-2016-132829,Central,104.49
BP-11095,CA-2014-162992,West,104.48
RB-19435,US-2014-144078,West,104.25
CL-12565,CA-2016-106530,East,104.23
SG-20470,CA-2014-116190,South,104.14
KF-16285,US-2017-148362,Central,103.95
RM-19675,CA-2015-115392,East,103.92
BS-11590,US-2015-109015,East,103.49
JL-15235,CA-2016-165169,East,103.36
CA-12775,CA-2015-135853,Central,103.18
ME-18010,CA-2014-116932,West,103.17
BD-11500,US-2014-151015,Central,102.76
BD-11635,CA-2015-110814,East,102.35
TB-21055,CA-2016-111682,East,102.28
BD-11320,CA-2017-117485,Central,102.19
KB-16585,CA-2014-153913,South,102.05
RF-19345,CA-2015-106187,South,102.01
SN-20710,CA-2016-169957,West,101.98
RD-19585,CA-2015-157770,West,101.89
CT-11995,CA-2017-137085,West,101.58
LO-17170,CA-2017-141572,East,101.45
MO-17500,CA-2016-102981,East,101.44
AF-10885,CA-2015-114300,South,101.19
TG-21640,CA-2015-141012,West,101.17
CA-12310,US-2014-150434,East,101
JP-15460,US-2015-137008,East,100.93
HW-14935,CA-2016-140130,Central,100.78
KB-16600,CA-2017-158673,Central,100.66
TT-21220,US-2017-113201,West,100.43
LH-17155,CA-2016-144092,West,100.41
MA-17995,CA-2016-152247,West,100.2
DJ-13510,CA-2016-128594,West,100.2
TW-21025,CA-2014-101364,East,100.14
RR-19525,CA-2017-102155,Central,99.94
DF-13135,CA-2015-124933,East,99.94
BM-11140,CA-2017-121706,West,99.9
BW-11110,CA-2016-101161,East,99.85
TS-21610,CA-2017-105214,West,99.69
HW-14935,CA-2016-136133,East,99.49
HR-14830,CA-2015-135538,West,99.43
SP-20650,CA-2016-149503,West,99.3
NP-18325,US-2014-117135,South,98.93
HA-14920,CA-2015-155334,West,98.79
SF-20065,CA-2014-113383,East,98.59
AP-10915,CA-2014-124737,West,98.58
JL-15835,CA-2017-167913,West,98.5
JD-15895,CA-2016-142545,East,98.29
SO-20335,CA-2015-161718,East,98.2
CS-12175,CA-2014-109302,East,98.1
BW-11200,CA-2016-116596,East,98.01
LS-16975,CA-2014-137092,Central,97.99
RP-19270,CA-2014-155264,West,97.87
AA-10645,CA-2014-143210,East,97.68
LC-16885,CA-2016-145583,West,97.51
MP-17470,CA-2015-103772,South,97.22
JE-15745,CA-2016-113621,East,96.74
PK-19075,CA-2017-116680,West,96.73
AG-10495,CA-2015-162201,South,96.51
AA-10315,CA-2017-147039,Central,96.5
AJ-10780,US-2017-133361,East,96.48
SW-20455,CA-2015-150560,South,96.34
SP-20650,CA-2015-124919,West,95.84
PB-18805,CA-2016-125738,West,95.84
DR-12880,US-2016-127425,East,95.73
CC-12370,US-2017-155866,East,95.64
JG-15160,CA-2015-131856,Central,95.3
PG-18820,CA-2016-103464,West,95.2
BM-11785,CA-2014-106971,Central,95.19
LH-17155,CA-2015-121965,West,94.87
CC-12670,CA-2017-112753,West,94.64
TS-21340,CA-2015-153416,West,94.61
SC-20050,CA-2016-155005,Central,94.49
DM-13345,CA-2017-108854,West,93.9
BD-11605,US-2014-164406,West,93.78
SC-20305,CA-2014-113257,Central,93.4
MP-17965,CA-2017-155152,East,93.24
AT-10435,CA-2017-102407,West,93.24
EB-13870,CA-2016-144939,East,93.22
SK-19990,CA-2017-119193,East,93.18
SM-20950,CA-2017-105235,East,93.09
CA-11965,CA-2015-105690,Central,92.93
IG-15085,CA-2017-158743,South,92.93
SC-20095,CA-2015-123568,West,92.68
KC-16675,CA-2017-142636,West,92.61
NS-18640,US-2015-160563,West,92.48
TS-21655,CA-2015-153878,Central,92.44
MV-17485,CA-2016-133319,East,92.24
RA-19945,CA-2015-126445,West,92.08
